:020000022000DC
:10700000005F002099D0020027CB030085D002004A
:1070100085D0020085D0020085D00200000000006B
:1070200000000000000000000000000045D2020047
:1070300085D002000000000011D2020085D00200BD
:10704000F5D3020033D20300F5D30200F5D30200DA
:10705000F5D30200F5D30200F5D30200F5D3020008
:10706000E9D10300F5D30200F5D302001DD20300DD
:10707000F5D30200F5D30200F5D30200F5D30200E8
:10708000F5D30200F5D30200F5D30200F5D30200D8
:10709000F5D30200F5D30200F5D30200F5D30200C8
:1070A000F5D30200F5D30200F5D30200F5D30200B8
:1070B000F5D30200F5D30200F5D30200F5D30200A8
:1070C000F5D30200F5D30200F5D30200F5D3020098
:1070D000F5D30200F5D30200F5D30200F5D3020088
:1070E000F5D30200F5D30200F5D30200F5D3020078
:1070F000F5D30200F5D30200F5D30200F5D3020068
:1071000001F0FF01102A2BDB10F0070F08D010F858
:10711000013B013A8B422DD010F0070F42B3F6D15C
:10712000F0B441EA012141EA014122F007047FF075
:1071300000070023F0E80256083C85EA010586EACC
:10714000010685FA47F5A3FA87F586FA47F6A5FA08
:1071500087F68EB9EED1F0BC01F0FF0102F0070214
:1071600032B110F8013B013A83EA010313B1F8D1BF
:107170000020704701387047002D06BF35460338A0
:10718000073815F0010F07D1013015F4807F02BFD9
:10719000013015F4C03F0130F0BC0138704700BF2A
:1071A00053B94AB9002908BF00281CBF4FF0FF316E
:1071B0004FF0FF3000F00CB8ADF1080C6DE904CED3
:1071C00003F080FADDF804E0DDE9022304B0704743
:1071D000704700BF10B51C4C94F82C3073B90123D4
:1071E00084F82C3003F066FC48B1184BA362D82316
:1071F000236284F824300823A361237710BD03F0B1
:107200006EFC0028F1D103F073FC0028EDD103F0EF
:1072100036FC38B10E4BA362D823236284F82430A5
:107220000423E9E703F034FC0028F3D103F039FC30
:107230000028EFD103F047FC0028EBD140F2BB114E
:10724000742003F017F900BFF00900202BE60300BB
:10725000FEE50300014B1879704700BF240A0020A7
:10726000054B1A79824283BF1B6800EB400003EB99
:1072700000100020704700BF240A002043F6095286
:10728000C0F3080302FB03F3400A03F5807302FB1B
:1072900000F000EB5320704743F6095CC0F308028E
:1072A00010B50CFB02F2C0F34E24030E43EA012397
:1072B0000CFB04F0090E02F580724FEA411C00EB52
:1072C00052205A01B2EB030E4CEAD36C6CEB010472
:1072D0004FEA841C4FEA8E12B2EB0E024CEA9E6C0F
:1072E0006CEB040C4FEACC0C4CEA527CD200D31865
:1072F00041EB0C01DA03C903801841EA534141F123
:10730000000110BD430B48F2376C0CFB03F34FEA4E
:10731000134C00B5104B43F6095E0EFB1C0000FB3E
:1073200003F35B0D0EFB03FE03EB4C230EF5745CC5
:107330000CF1080CB0EB5C2F08D80EF5807EA0EBAA
:107340005E20C0B20B6010705DF804FB01330020BA
:107350000B6010705DF804FB6F0C0100F8B5274D51
:10736000A94246D8264E274F450F45EAC105A6FB40
:107370000514C0F34F31A40B01EB054107FB1411B9
:10738000A6FB0151890B41EA04411F4C04FB110487
:1073900048F2376C600B0CFB00F04FEA104C43F6E0
:1073A000095E1A480EFB1C4505FB00F0400D0EFB64
:1073B00000FE00EB4C200EF5745C0CF1080CB5EBF4
:1073C0005C2F12D80EF5807EA5EB5E2E5FFA8EFE46
:1073D000069D85F800E00D0628184FEA112141F1BD
:1073E0000001186059601460F8BD01304FF0000EC4
:1073F000EEE796219B2003F03DF800BFFF7F841E3F
:1074000083DE1B43000024F40080841E6F0C010007
:10741000420B48F2376303FB02F2120C43F6095C9D
:10742000074B0CFB120101FB0333013B5B0D0CFB13
:1074300003FC5002B1EB5C2F88BF01301844704749
:107440006F0C010010B5094A92F80034202B03D1CB
:107450005021022003F00EF8590102EB4313BDE85E
:107460001040525858680421104700BF300A0020CD
:1074700008B501B3F0B14FF0FF331A46E0FB01321B
:107480000E498A4203D971216D2002F0F3FF180DD5
:1074900040EA0230C3F30F134FF22441B0FBF1F284
:1074A00003EB0040064B03FB1200B0FBF1F040EA97
:1074B0000240013008BD0846FCE700BF3F420F0014
:1074C000000024F4014B5888704700BF6C0E002068
:1074D00010B5EFF3108472B6064A93790133DBB22C
:1074E00093719379012B01D103F06CFA04B962B660
:1074F00010BD00BF6C0E002070B50C4C267866B92C
:107500000125A0602570FFF7E3FF00F04BFA30B9CA
:107510004FF080432573C3F80453002070BDA36867
:10752000002BFAD09847A660F7E700BF6C0E00204A
:1075300038B5FFF7CDFF00F035FA094C4FF0804524
:1075400040B103F02CFA01232B6104236373002361
:10755000A37338BD032363730123C5F80433F6E72F
:107560006C0E002010B5EFF3108472B60A4B9A79B6
:1075700022B94FF496716D2002F07CFF9A79013A9E
:10758000D2B29A719A791AB9DB7B0BB900F0F8F98B
:1075900004B962B610BD00BF6C0E002008B5054BE3
:1075A0001A7822B100221A731A70FFF7DBFF00204D
:1075B00008BD00BF6C0E002073B51B4D2B7F63B957
:1075C000286A00F0030003F017FA30B1EFF31083DC
:1075D00072B66A7B1AB103B962B602B070BD0122FD
:1075E0006A7303B962B64FF080430822C3F80823D8
:1075F0004FF42073ADF80630BDF80640A4B2631E08
:107600009BB2ADF80630002CF6D14FF0804607480B
:10761000C6F80C4103F015FA85F82540FFF788FFFE
:107620000823C6F80433D8E76C0E0020900E002023
:107630002DE9F041384C94F82630002B69D04FF0FA
:107640008043D3F80071D3F8046157B10122C3F825
:107650000823237B2BB1A368002525730BB1984722
:10766000A5604EB14FF080430022C3F804210222EE
:10767000C3F80823FFF7A0FF4FF080462748D6F84D
:107680000C8194F82550EDB203F0DFF920B140F2FF
:10769000C5116D2002F0EEFE47B1637B032B05D1CF
:1076A0000423637303F07BF901233361B8F1000F06
:1076B00016D04FF080430022C3F80C21637B042BCB
:1076C00002D040F2D711E4E703F01BFAC0B14FF04B
:1076D00080430022C3F8342C02236373FFF742FF78
:1076E0004DB1002384F82530637B022B01D1FFF7D5
:1076F0001FFFFFF737FFBDE8F041084803F0B4B9BA
:1077000003F0E1F90028E2D103F0F2F90028DED11C
:10771000E2E7BDE8F08100BF6C0E0020900E002073
:1077200010B5044C206A00F0030003F065F900284E
:10773000F8D010BD6C0E0020F8B5054650B10278A7
:10774000042A07D8437842B9013B1F2B02D883781B
:10775000212B07D96FF0150076E0002BFAD1837842
:10776000002BF7D1814B0127C3F88070BFF34F8FF7
:10777000BFF36F8F4FF08046C3F880717C4C4FF0A1
:10778000FF33C6F808330023C6F80031C6F80431C9
:10779000C6F80C31A371AB88A38003F018F908B1C7
:1077A0002770A771D6F80C24D6F80C34D20303D571
:1077B000DF0701D500F0F0F840F2F55363802B7835
:1077C000A9782377002222622174A273042B4ED859
:1077D000DFE803F005033B494B000123236203F07C
:1077E000FDF800284ED003F000F9236A03F00303EC
:1077F000984247D1AB79002B3ED1FFF791FF237C14
:107800006BB12B785BB900F0CDF8054602F072FE43
:107810006FF00043002D00F0A580C4E905034FF090
:107820008043D3F80C24D3F80C34D20303D5DB0700
:1078300001D500F0B1F84D4A01230020607384F8AF
:107840002630C2F880311360F8BDFFF741FE4FF0DB
:107850008043D3F80C14D3F80C24CE03F9D5D00709
:10786000F7D50223BAE7434BB8E7434BB6E740F2FC
:1078700016316D2002F0FEFD4FF080430222C3F866
:107880000423BCE74FF080430122DA600022C3F8F2
:107890000421226AC3F8182503F0F1F810B34FF061
:1078A00080534FF08042D3F84432C3F34233C2F8DE
:1078B0003C3503F0E4F810B34FF080430122C3F8E5
:1078C0004C254FF0804301229A600222C3F8042322
:1078D000AA79002A93D1D3F8042391071CD440F24B
:1078E000CD21C6E703F0D4F80028D8D103F0D9F8A9
:1078F0000028D4D103F0E7F80028D0D1D9E703F06D
:10790000C7F80028D8D103F0CCF80028D4D103F070
:10791000DAF80028D0D1D4E7184A1669116941F085
:1079200010011161D3F8043106F010060BB903F011
:10793000F6F84FF08047D7F8043183B1FFF7F0FE37
:1079400026B90E4A136923F0100313614FF08043E8
:107950000222C3F808230022C3F804214FE703F0F2
:10796000DCF8E8E7C4E9053059E700BF00E100E0D2
:107970006C0E0020010002000100030000ED00E099
:107980004FF08042012353600023C2F80031014AC6
:1079900013707047930E0020014B01221A7070473C
:1079A000930E00204FF08043D3F8003123B9034BEE
:1079B000187800F0010070470120FAE7930E0020CC
:1079C000094B4FF0FF32C3F808230022C3F84025CB
:1079D000C3F84021C3F84425C3F84421C3F848251F
:1079E000C3F84821704700BF00800040084B094A97
:1079F0001B78012B16BF4FF440314FF400310023A8
:107A0000C2F84813C2F808130BB9C2F840317047E6
:107A1000980E002000B0004070B5EFF3108472B6ED
:107A2000094A0A4B0025D2F80415D2F804612EB198
:107A3000596801315960C2F80451F4E75B6804B930
:107A400062B6C0E9001370BD00B00040980E00207F
:107A5000094BD3F80435C01A20F07F4323F001030B
:107A60003BB120F07F40B0F5000F8CBF022000201A
:107A700070470120704700BF00B00040104B4FF42A
:107A80000062C3F88020BFF34F8FBFF36F8FC3F83E
:107A900080210C4B01225A609A60D3F80425002AF9
:107AA000FBD10949C3F808134FF44031C3F8481318
:107AB000C3F84021C3F84421C3F80421704700BF34
:107AC00000E100E000B000400200030008B5144BE4
:107AD000D3F8042522F00302C3F80425D3F80825BF
:107AE00042F00302C3F80825102292FAA2F2B2FA79
:107AF00082F2092A04DD0B4840F2913102F0B0FC19
:107B0000C3F810250122DA60074A9268C3F8002200
:107B1000064B4FF48072C3F880211A6008BD00BF85
:107B20000080004099ED0300980E002000E100E085
:107B300008B50A4B4FF48072C3F88020BFF34F8F13
:107B4000BFF36F8F0649C3F8802101204860FFF71B
:107B500037FF044B086100221A7308BD00E100E002
:107B600000800040980E002010B5234C0023FF2217
:107B70004FF0FF314FF0FF30C4E90401237062730E
:107B80006360FFF7D5FFFFF779FF1C4B4FF40062EE
:107B90001A60A1691A4A31B901231360184B0222F5
:107BA000C3F8042310BD174B1748C3F8A805C3F842
:107BB000AC15C3F85C294FF40022C3F80425134A1E
:107BC0000521C2F8401501211160D2F840110029A9
:107BD000FBD04FF40021C3F8081501215160D1609A
:107BE0000021C2F84011C2F84015C3F8A815C3F827
:107BF000AC15C3F8AC15D1E7980E002000E100E009
:107C000000B0004000F00140408100400080004092
:107C1000014BD3E904017047980E0020014BD3F8C3
:107C20000405704700B0004013B56846FFF7F4FE46
:107C3000DDE90004FFF722FB024B0021E4FB030116
:107C400002B010BD0080841EB1F1FF3F08BFB0F14B
:107C5000FF3F2DE9F041424C05460E463AD1414DD9
:107C6000D5F800318BB3404E404BC6F80835FFF7CE
:107C7000BDFE4FF000080123A36084F80D80FFF7DC
:107C800057FFFFF723FF3A4BC5F80081394FC6F87D
:107C9000A8354FF40023C6F8AC75C6F8043502F0D9
:107CA000BBFED5F800312BB10123C5F800817B6004
:107CB000FB60F4E7013041F100010223C4E9040153
:107CC0002370FF236370BDE8F08102F0A5FEC51CA0
:107CD00041F10006D4E90473B34208BFAF42F2D0C9
:107CE000214B224AC3F80825FFF780FE1D4A4FF4B6
:107CF000803125F07F480023C2F808134046C2F8BF
:107D00004813C2F84031FFF7A3FE20B140F22631FC
:107D10006C2002F0AFFBC2F84085C2F84413237810
:107D2000012B06D127F07F473846FFF791FE012847
:107D3000FAD0002301276373A760FFF7F9FEFFF76E
:107D4000C5FE094B27704FF00042C3F804250423F9
:107D50006370044BC4E90456C3F84873B3E700BF2B
:107D6000980E002000B0004000F0014000000880A4
:107D700000B1004000800040032870B52D4B06D9AB
:107D8000011FC9B201292FD940F276310BE0D3E9A6
:107D90000441B1F1FF3F08BFB4F1FF3F06D11B7BA7
:107DA00023B940F255316C2002F064FB2249234D87
:107DB00000F110040123800003FA04F4C5F808431D
:107DC0000B5000F1804101F50041D1F84005101A37
:107DD000022805DDC1F84025C5F80443012002E072
:107DE0000020C1F8400570BD1C782CB15B7883423F
:107DF00002D140F27231D6E7114B124E22F07F458C
:107E00008A0013444FF480348C400022C6F80843A3
:107E10002846C6F848431A60FFF71AFE40B901F534
:107E2000A87146F82150C6F80443C6F84443D5E784
:107E30001046D8E7980E00204080004000800040A7
:107E400040B1004000B00040032837B508D9041FF6
:107E5000E4B2012C19D940F2CA316C2002F00AFBBD
:107E6000234900F1100201239340C1F8083300F5C3
:107E7000A873002241F823201E4B81005A5053F86A
:107E800020300093009B03B030BD1B4D2B7893B185
:107E90006A7882420FD1194A1949C2F80815012B94
:107EA00001D1FFF745FE00232B704FF0FF324FF05A
:107EB000FF33C5E90423134A4FF48033A340C2F8CB
:107EC0000833C2F8483304F5A87352F82300FFF7CB
:107ED000BFFD012818BF0C4B22B24FEA84041CBF1F
:107EE00000211951084B53F822300193019BCAE736
:107EF0000080004040810040980E002000F00140CA
:107F00000000088000B0004040B1004010B50A4BAE
:107F10000446012210B1C3F8442310BDC3F848231E
:107F2000FFF706FE054B4FF0FF304FF0FF31C3E97E
:107F300004011C70F1E700BF00B00040980E002063
:107F40001F4A08B5D2F80433D90311D5D2F840310D
:107F500073B10023C2F84031D2F84005FFF778FD35
:107F600030B14FF48033C2F80833042001F094FD9F
:107F7000134AD2F804339B0311D5D2F8443173B1BC
:107F80000023C2F84431D2F84405FFF761FD30B157
:107F90004FF40033C2F80833052001F07DFD084B93
:107FA000D3F8042132B10022C3F80421054A5368F2
:107FB00001335360044B4FF40062C3F8802108BDC5
:107FC00000B00040980E002000E100E038B5364CCB
:107FD000637BFF2B64D0237883B10122022B2273B1
:107FE00019D1324B4FF40022C3F808250023237027
:107FF0004FF0FF324FF0FF33C4E904232C4BD3F88A
:10800000042310030DD5D3F84C2152B140F20F4197
:108010006C2002F02FFA022360782370FFF714FF20
:10802000ECE7D3F8042351030DD5D3F8483153B10D
:108030000220FFF709FF1F4B4FF48072C3F8802125
:10804000022001F029FD1A4BD3F8042392030DD529
:10805000D3F8443153B10120FFF7F6FE154B4FF42E
:108060008072C3F88021012001F016FD104DD5F873
:108070000433DB0316D5D5F840319BB10020FFF760
:10808000E3FE0C4B4FF48072C3F880210020FF23E5
:108090006373A060C5F80002BDE8384001F0FCBC85
:1080A0000620F9E738BD00BF980E002000F001401F
:1080B0000080004000E100E02DE9F04F97B01C4641
:1080C000CDE90212DFF8FCA28046FFF7A1FD4FF0D8
:1080D00080420123C2F80835DAF800200F46136009
:1080E000B949082202EB441253185558B3F80E90C0
:1080F000CDF81090D3E901B201EB441C06921C7B31
:108100005A7BDB6800920CF1080C07930646BCE82A
:108110000F000DF1380EAEE80F009CE803008EE86A
:10812000030025F07F40FFF7A9F84B4601331C44BC
:10813000A64B9842044400F237829C4200F3E4804C
:10814000002CC0F2C180FFF72DFC009B012B0246E2
:1081500008D0DAE90613B3F1FF3F08BFB1F1FF3FE2
:1081600000F0B7800192FFF7ADF940F25633984224
:10817000019A00F0D78040F2F553984200F0CF808A
:10818000B0F5C67F00F0C5800023019300210320D5
:108190000591B7F1FF3F08BFB6F1FF3F1FD0AE42D8
:1081A00077EB0B03C0F08280B6EB050C67EB0B039B
:1081B000BCF5000F73F1000380F00082A5EB060C04
:1081C000BCF1000F33460ADD0598002800F0AD80B1
:1081D0009AF8200000280CBF0846002000E0434623
:1081E00015F1FF39A9EB030C4BF1FF3184454B46E8
:1081F00057DB002A41D00993029B0891B9EB08088C
:1082000061EB03020292FFF75DF940F2563C6045D4
:10821000DDE90813029A00F0DD8040F2F55C60456C
:1082200000F0BE80B0F5C67F14BF0920162080453F
:1082300072F1000280F0BA80039A012A00F0CC802B
:10824000059A002A73D1B7F1FF3F08BFB6F1FF3F8F
:108250006DD0B6EB090C67EB0102BCF1050F72F1B2
:10826000000080F28481BCF1010F72F1000318DA82
:1082700039463346059FB14668E0DAE90620B0F199
:10828000FF3F08BFB2F1FF3FB5D0DDF804C0AA1A26
:108290006BEB0000624570F10002ACD2009A012A3B
:1082A000A9D00026304617B0BDE8F08FB5EB060C1C
:1082B0006BEB0703BCF5000F73F1000380D340F2B2
:1082C0003171702002F0D6F804F1F45404F59024D2
:1082D00039E700287FF446AF0190FFF7F3F840F24A
:1082E00056339842019A00F04B8140F2F553984280
:1082F00000F01D81B0F5C67F00F01F81012303202F
:1083000011460192059344E704F1614404F5F70432
:1083100019E700210D2303200193059139E732234A
:10832000019333E71C23019330E7084658E748469A
:1083300005930291FFF788FC0299059B0027B1F194
:10834000FF3F08BFB9F1FF3F00F0338123F07F40CA
:108350002A1A22F07F42013AB2F5000FA1D2069B01
:108360005B191B1A23F07F43B3F5000F99D80291D4
:10837000FEF784FF164B0299A4EB000898453BD307
:10838000041B9C42C0F0DF80104B984530D89C42C3
:1083900040F22881C4F1614404F5F704A0462CE0C2
:1083A0003B20804572F10002FFF446AF0593009B2D
:1083B00002915F1E484618BF0127FFF745FC059B49
:1083C0000299BCE7B80E0020300A0020FF7F841E0F
:1083D0000040420F25202AE7B7F1FF3F08BFB6F162
:1083E000FF3F00F0F58039463346B1460027ADE740
:1083F00008F1F45808F5902844467D4B93F828304E
:1084000023B9049B1E33A34280F2A580039B012B5A
:1084100004D001200291FFF717FD0299049B4BB194
:10842000A8EB0302012000230291FFF7A5FC0299AB
:10843000002854D00023424618460291FFF79CFCC6
:108440000299064600284AD0009BDAF81820012B32
:10845000DAF81C3000F08480002F44D1B3F1FF3FE4
:1084600008BFB2F1FF3F00F098800120FFF74EFDFA
:108470009AF82030002B40F08980049A1932A242E9
:1084800080F2A1800024A8EB020223460220FFF71D
:1084900073FC30B1DAF800301C604FF08043C3F851
:1084A0000845069B1093079B119300238DF85030CD
:1084B0000A934FF0FF324FF0FF33CDE90E5BCDE969
:1084C0000C230AAD0FCD4A4C0FC40FCD0FC495E855
:1084D0000F0084E80F00304617B0BDE8F08F012090
:1084E000FFF7B2FCDDE6B3F1FF3F08BFB2F1FF3F9B
:1084F0000BD00091FFF736F84FF0FF324FF0FF330B
:10850000CAE906230099002FB2D0019BB9EB030200
:1085100061F100030520FFF72FFC00285DD09AF8D9
:108520002030002BA9D101238AF82030A5E7322181
:1085300001233520019105932BE60D210123102005
:108540000191059325E62A4B93F828306442A04612
:10855000002B7FF45BAF4FF4F261702001F08AFFD3
:10856000B3F1FF3F08BFB2F1FF3FCCD0C1E74846AF
:1085700008930291059FFFF767FB0299089BDEE6CF
:108580001C2101231F200191059302E60520FFF71E
:108590005BFC00238AF820306FE7FEF799FF02F0BA
:1085A0003BFACAE9060160E740F22141702001F080
:1085B00061FF40F27C71702001F05CFF40F2357188
:1085C000702001F057FF40F2BA71702001F052FFA5
:1085D00040F2A361702001F04DFF40F2262170208F
:1085E00001F048FF40F65801702001F043FF00BF42
:1085F000380E00202DE9F04F8F4F97F8214004EB03
:1086000044033B4483B05E7A202E48D08B4BE5B2C6
:108610006400002B00F08980894BDFF82892002B42
:108620005FD006EB451207EB420A4FEA45189AF86D
:108630002830013BDBB2052B34D8834A12F803B053
:10864000BBF1090F2ED0AFF30080EFF3108372B6A9
:108650002C443C449AF829206272A27AB24204BFA8
:108660002022A27213B9AFF3008062B6B044730146
:1086700007EB480809EB4616012259F803307068E9
:1086800088F828205946984797F8214004EB44037E
:108690003B44E5B25E7A202E4FEA4404C1D103B0D8
:1086A000BDE8F08F40F26E61702001F0E3FE62B62B
:1086B000B044730107EB480809EB4616012259F84C
:1086C0000330706888F828205946984797F8214069
:1086D00004EB44033B44E5B25E7A202E4FEA4404A7
:1086E000DDD006EB451207EB420A4FEA45189AF82F
:1086F0002830013BDBB2052BD4D8534A12F803B023
:10870000BBF1090FCED0AFF30080EFF3108372B648
:108710002C443C449AF829206272A27A964204BF03
:108720002022A272002BC3D1C1E7454BDFF818B15C
:10873000DFF810A14FF02009002B51D006EB4512B5
:1087400007EB42024FEA451892F82830013BDBB2B2
:10875000052BA7D81BF803100929A3D0EFF310832A
:1087600072B62C443C4492F829206272A27A964256
:1087700008BF84F80A90002B54D0B04407EB480897
:1087800073010AEB461601225AF80330706888F824
:108790002820984797F8214004EB44033B44E5B276
:1087A0005E7A202E4FEA4404C8D178E762B6B0441E
:1087B000730107EB48080AEB461601225AF803300A
:1087C000706888F82820984797F8214004EB440304
:1087D0003B44E5B25E7A202E4FEA44043FF45FAF9B
:1087E00006EB451207EB42024FEA451892F8283093
:1087F000013BDBB2052B3FF655AF1BF803100929EF
:108800003FF450AFEFF3108372B62C443C4492F81F
:1088100029206272A27A964208BF84F80A90002B3F
:10882000C5D1C3E70191AFF3008062B6B0440199AE
:1088300007EB4808A4E700BFB80E002000000000C6
:1088400000000000300A00205CE603002DE9F04F34
:1088500085B00D4614461F469DF838B0FEF7D8FD8A
:108860002E686968031947F10002B342019372EB65
:1088700001030292C0F0CA80DFF8A891DFF8A88156
:108880000BEB4B034B440393DA46039B1C7A202CDF
:108890003BD040F2F5578C460FE06B7B012B02D0AA
:1088A000537D012B56D004EB4A1409EB440494F891
:1088B0002940202C29D0D5E9006C08EB44124FEA5E
:1088C000441B91681369D0685B1840F100009E4218
:1088D0007CEB0003E1D240F2563740F2F55608EB4C
:1088E0000B0C2968AB68DCF808006A685B1842F179
:1088F00000029842DCF80C3093411AD39CF81530F2
:10890000012B02D06B7B012B03D0012005B0BDE809
:10891000F08F411A0091FEF7D5FDB84200993FD083
:10892000B04228D0B0F5C67F14BF01230E23994270
:10893000EBDA08EB0B032A7C197E91421FD904EB7A
:108940004A1409EB440494F82940202CDDD04FEA66
:10895000441BC4E7761AFEF7B5FD40F25633984241
:1089600020D0B84209D0B0F5C67F14BF01230E2332
:108970009E42B0DB97E73323D9E73323F8E7D3E907
:1089800002611C695B7DA61941F10001012B0BD02E
:10899000019BB342029B8B4138D3C5E9006174E768
:1089A0001D23C4E71D23E3E76B7B012BF0D000916F
:1089B000FEF788FD40F25633984200992CD040F2E1
:1089C000F553984226D0B0F5C67F14BF01230E237D
:1089D0009C42DDDAFEF776FD40F2563398421FD016
:1089E00040F2F553984219D0B0F5C67F14BF012666
:1089F0000E26C344DBF80830DBF80C10F618019B98
:108A000041F10001B342029B8B41C6D2002005B068
:108A1000BDE8F08F3323DBE71D23D9E73326E8E7F2
:108A20001D26E6E7B80E0020300A00202DE9F047A9
:108A3000154692F8008092F80BC0AF7A12891C4656
:108A400086B00023E3602361C4E9003327749DF8F6
:108A5000389084F80DC00646A3606361E28184F813
:108A600011800F46B8F1000F42D1FEF715FCD5E991
:108A700004C24C4BC31841F1000E9C4572EB0E032F
:108A80000AD3013E47F1FF37C4E900674FF47A7318
:108A9000A36006B0BDE8F087263041F100018445AF
:108AA00072EB0103EDD3288901300021844572EB7C
:108AB00001036AD3BCEB000062EB010104F10C037B
:108AC000009303AA04ABFEF749FC039B6A6828895C
:108AD000473313441844FEF79BFCDDE90432C01A07
:108AE00020F07F40C4E90032A06006B0BDE8F08706
:108AF0002D4804A9801A04F10C02FEF703FC2B4B4D
:108B00001B78202B24D02A490B69D1E90521053394
:108B100042F1000A13EB01084AF1000A6B68227B5C
:108B2000E089473310441844C4E9008AFEF770FC1A
:108B30003246A0603B462869CDF800902146FFF7F9
:108B400085FE0028A5D1C4E9006706B0BDE8F0871E
:108B5000637B16F1090847F1000A012BDED0FEF70E
:108B600021FF0028DAD1FEF7ADFC40F256339842DF
:108B70000ED040F2F55398420FD0B0F5C67FCDD15C
:108B800016F1160847F1000AC8E74046414695E746
:108B900016F1250847F1000AC0E716F13B0847F136
:108BA000000ABBE70040420FFF7F841E300E00200A
:108BB000380E00202DE9F047374DDFF8E08000EB5C
:108BC00040032B4406461C7A4700FFF727F84FF076
:108BD000200C4FEA461E08EB44110EEB0403D1F8BB
:108BE00008A00A69AAEB000929F07F49B9F5000F2E
:108BF00005EB43030DD812EB0A02121A22F07F4252
:108C0000B2F5000F05D8BCF1200F0BD12046BDE80E
:108C1000F08793F82930202BA4461C46DBD1BCF109
:108C2000200FF3D0BB192B440CEB461205EB42028C
:108C300093F8088092F829201A72710144464FF087
:108C4000040E0B1905EB430322469445204683F896
:108C500028E093F82940F4D1BB192B440A4493F837
:108C60000AE0BEF1200F5FFA8EFC18BF8C443E4430
:108C700018BF05EB4C0C05EB4202354408BF83F8E6
:108C800009804FF0200318BF8CF82980A87282F861
:108C900029302046BDE8F087B80E0020300A0020B9
:108CA0002DE9F0414E4D01EB41032B440C461E7A59
:108CB000202E80464FEA410741D14A4B0BB1AFF31A
:108CC000008001F0A9FE95F82230202B0AD0464BF7
:108CD000D3E904E210F1020C41F10003E64572EB26
:108CE000030331D3202E0AD042463346FFF7E4F97E
:108CF00000283FD085F822600220BDE8F081D5E948
:108D00000623B3F1FF3F08BFB2F1FF3F1FD195F833
:108D1000203043BB0420FFF797F801F08BFE0020C2
:108D2000FFF7F4F829684FF08042202085F82200F0
:108D300000230B600120C2F80835BDE8F081084629
:108D4000FFF738FF8642B8D00020BDE8F081FEF77B
:108D500009FC4FF0FF334FF0FF32C5E9062395F8C9
:108D60002030002BD6D00520FFF76EF8002385F8C1
:108D70002030CFE73B192B4406EB441205EB4202AF
:108D800093F808E092F829201A72610173460420D2
:108D9000CA189C4605EB4202664592F8293082F8D3
:108DA0002800F5D13B192B443C44987A2028C2B2C4
:108DB00018BF5218614418BF05EB420205EB410190
:108DC000254408BF83F809E04FF0200318BF82F85C
:108DD00029E085F80AC081F829300020BDE8F0813B
:108DE000B80E002000000000380E0020F8B5194A27
:108DF000194D002342F2200020214FF0FF364FF0A2
:108E0000FF37A972288185F82130136082F8283055
:108E1000C2E90267AB73C5E906671C4685F82210F4
:108E200085F8203005F1280202F814300134202C96
:108E3000FAD101260948EE7301F09AFB084B18702D
:108E4000084B1C7001F0F4FB2860FEF78DFE85F8DE
:108E50002360F8BD380E0020B80E0020F585020012
:108E6000680E0020300E00202DE9F04F85B001F093
:108E7000D3FDC04E0746884601F0DCFDD6E902234B
:108E8000B3F1FF3F08BFB2F1FF3F05D04FF0FF3213
:108E90004FF0FF33C6E9022396F82830ABB94FF400
:108EA0000C71B069FEF7E4FA33697269B169023393
:108EB00042F100025B1842F100021B1842F100026D
:108EC0009F4278EB020380F06181AB4C4FF0FF30A2
:108ED0004FF0FF31FEF7B8FEE37B002B40F04581F9
:108EE000A64991F800B00122BBF1200FE27300F017
:108EF000378120220A7084F82220A373336094F80B
:108F0000213003EB430AA2445FFA83F99AF8085030
:108F10005B009542009307D0994B03EB45102A461E
:108F2000407E012800F0C580009BDFF858A203EBCB
:108F30000908202DA0444FEA491708D04846FFF7FA
:108F400039FE854203D098F80850202DF6D1BAF1A9
:108F5000000F01D0AFF3008001F05EFD94F82230E5
:108F6000202B09D0D6E9042310F1020E41F1000CA8
:108F7000724573EB0C03E6D3202D38D02B4601222B
:108F8000FFF79AF8002859D084F8225007EB0B031A
:108F900004EB430393F82820022A1DD1009A4A4487
:108FA0002244062183F82810917ACBB220291CBFD5
:108FB000DB1904EB43035F4418BF83F829B0009B1F
:108FC00008BF82F809B04B44234404EB470783F8F9
:108FD0000AB0202387F82930FF232374009B4B44D9
:108FE0001C44637A202B5DD105B0BDE8F08FD4E935
:108FF0000623B3F1FF3F08BFB2F1FF3F07D0FEF7F2
:10900000B1FA4FF0FF324FF0FF33C4E9062394F872
:109010002030002B3FD10420FEF716FF01F00AFD9F
:109020000020FEF773FF21684FF0804200232020CC
:1090300084F822000B60C2F80835A7E77B1904EB1F
:10904000430398F8080093F8293088F8083002465E
:1090500004211346BA1804EB42029D4282F82810FC
:1090600092F82920F5D198F80A1088F80A30CAB287
:1090700020291CBFD21904EB42023B4404EB4303FA
:1090800018BF82F829004FF0200208BF88F80900B5
:1090900083F8292057E70520FEF7D6FE002384F841
:1090A0002030B8E7384B187805B0BDE8F04F01F034
:1090B0007BBA0978202914D0316970694F1DB169D4
:1090C00040F10000791840F10000019003EB4213D9
:1090D000D3E9020288420198824128BFC3E9021005
:1090E00022E701FB0531487D17F1090148F1000C29
:1090F0000128CDF804C0E9D0CDE90251FEF752FCB9
:10910000DDE902211E4B10B19AF80850DEE7CDE9E7
:109110000221FEF7D7F940F25635A842029A184BC1
:109120000CD040F2F555A84214D0B0F5C67F039993
:109130000AD0009848442044057AC7E717F1250172
:1091400048F100000190F4E717F1160148F1000022
:109150000190EEE717F13B0148F100000190E8E7CC
:109160004FF43171702001F085F940F2C121702077
:1091700001F080F9380E0020B80E0020300E0020DB
:10918000300A002000000000680E0020074B084A4B
:109190001B78580102EB4313082112585868904776
:1091A00040F2B621702001F065F900BF300E0020BA
:1091B000300A002070B5134C0D460646FEF7B0FA93
:1091C00094F8213004F1280CD9B20CEB831C002355
:1091D00002E00133202B12D01CF81320D8B2002A51
:1091E000F7D103EB4111084A04EB4104590102EBAA
:1091F00043135650012284F828205D6070BD184644
:1092000070BD00BFB80E0020300A00201F280AD809
:109210000C4991F8213000EB431301EB430393F821
:109220002820012A01D00020704791F8213000EB5E
:10923000431301EB43034FF0000C104683F828C0A2
:10924000704700BFB80E002010B5094C04EB401465
:10925000D4E90201FEF720F8227DE38A9B1803F18E
:1092600001034FF000025241181842EB010110BDFA
:10927000300A00202DE9F04FB14A536891B0C3F392
:10928000080303900791002B40F03D8208230693CA
:10929000079B1B78012B00F2E882DFF8A8B2BBF134
:1092A000000F04D0002140F24350AFF300800023B0
:1092B000DFF894A2DFF8948204930124BBF1000F3D
:1092C00004D000214FF4AA60AFF3008024B9A04B72
:1092D0000BB1AFF3008062B69AF821305FFA83F9E0
:1092E000CDF814904FF000038AF81030069B002B45
:1092F00040F0AB80BBF1000F04D0002140F264507D
:10930000AFF3008001F088FB059B0093079A0AAB3E
:109310000446FFF78BFBBBF1000F04D0002140F2A5
:109320006C50AFF30080039B03EB49130AEB43033C
:109330004FEA491693F82830013B012B00F2CB800D
:10934000DDE90A3224F07F441D1B25F07F4121F026
:109350000101002940F0D680039A09EB49035344E8
:10936000B218997A0AEB4202042082F828002029D8
:109370004FEA49020992CAB200F015823244039BB7
:109380000AEB420282F829301A464FEA49034B445D
:10939000534416440AEB46069A72202386F8293075
:1093A000002304930125BBF1000F04D0002140F2FB
:1093B0007150AFF30080674B0BB1AFF30080EFF358
:1093C0001086344672B69AF81030002B7FF476AFD0
:1093D000039B0AAF08EB43140FCF08340FC497E880
:1093E000030084E80300A5B1069B002B00F0B281C6
:1093F000049B23B1584B1B78202B00F0FC819AF87A
:109400002130DB4303F001038AF82130FF238AF87F
:10941000103026B94E4B0BB1AFF3008062B6BBF1F2
:10942000000F04D000214FF4B560AFF30080002D91
:1094300053D1BBF1000F04D0002140F2B450AFF380
:109440000080284611B0BDE8F08F059A434B551CAB
:1094500005F0010503EB821E03EB851C17B2BEE885
:109460000F00ACE80F00BEE80F00ACE80F00BEE84C
:109470000F00ACE80F009EE80F00A9468CE80F0033
:109480002EB2BBF1000F04D0002140F2DE30AFF36A
:109490000080334B07EB470706EB4606DA19D95B2A
:1094A0009278995333449A70BBF1000F0CD000218D
:1094B00040F2E230AFF30080BBF1000F04D0002196
:1094C00040F25A50AFF300809AF81030002B7FF42E
:1094D000F5AE05950EE7002565E79AF8213003EB18
:1094E000430353445B7A202BA3D0BBF1000F04D07D
:1094F000002140F2AF50AFF300801A4B187801F012
:1095000053F896E725F07F45B5F5000F3FF624AFF9
:109510000C99C9180C1B24F07F44B4F5000F3FF6DA
:109520001BAF09EB490151440C7A4FEA4901202C49
:10953000099100F045812021944604911A4627E0C4
:1095400000ED00E000000000B80E0020300A00200E
:109550000000000000000000300E0020E00E00209F
:10956000C00E0020680E00209DF83510012903D0A0
:10957000417D012900F0B18033190AEB430393F8D0
:109580002930202B00F02B81DDE90A2C04941C46A5
:1095900008EB4410650187680169C368C91943F184
:1095A000000E8A427CEB0E03DED213466246049F15
:1095B0000C9908EB0500C918D0F808C042F1000268
:1095C0008C45C16871EB020275D3427D012A03D03C
:1095D0009DF83520012A59D0049B9F4200F0EA8073
:1095E000202F00F04781049B202B06EB07030AEB9A
:1095F000430393F8292000F02F81049BF3180AEB12
:10960000430393F8294083F8292022460520B31804
:109610000AEB430311468F4293F8292083F8280070
:10962000F5D1099B4B445344987A202808BF5C72BB
:10963000099B4B44C1B253441CBF89190AEB410139
:109640009F72039B18BF81F82940F318F1190AEBA8
:1096500043030AEB4101202081F8290083F82920E7
:10966000049B834200F0B2801C4634440AEB44045D
:10967000039B84F8293000230493039B1E440AEBC8
:109680004606032386F8283001258CE6ACEB03035D
:109690000893FDF717FF40F256339842089B55D0C8
:1096A00040F2F55290424DD0B0F5C67F14BF012272
:1096B0000E229A4290DD45449DF838302A7E9A4227
:1096C0004FD933190AEB4303274693F82940202C3E
:1096D0006CD0DDE90A3265016AE7D71BFDF7F2FEBF
:1096E00040F25633984233D040F2F55398422BD093
:1096F000B0F5C67F14BF01220E22BA427FF73CAFFD
:10970000DDE90A3253E7103B59B2002943DB01F18E
:10971000604101F5614191F800335B090693002B2C
:109720007FF4B6AD584B1B78202B00F0A880079B28
:109730001B780693002B3FF4B0AD40F23C517020F3
:1097400000F098FE3322B4E73322D6E71D22B0E7BB
:109750001D22D2E7FF238AF81030002E7FF45FAE7F
:1097600058E6099B039A4B445344B218997A0AEB82
:1097700042020420202982F82800CAB208D03244CC
:10978000039B0AEB420282F829301A46099BFEE548
:10979000039A5A72FAE703F00F03043B13441B7E4B
:1097A0005B090693BBE7039A5A72EEE5049B9F425E
:1097B0007FF419AF202B11D1099B4B4453441C7AE1
:1097C000039BF3180AEB430383F82940099B039A90
:1097D0004B4453441A72012304934EE71C46331939
:1097E0000AEB430393F82920039BF3180AEB430386
:1097F00083F8292039E705990220FFF751FA00285C
:109800007FF4FDAD9AF82130039F03EB43015144EF
:1098100007EB43128C7A0AEB42020420202C82F8D8
:109820002800DDB24FEA4312E0B24FEA430319D0F9
:1098300011180AEB410181F8297039462B44534431
:109840000A440AEB420299722023049D82F82930CF
:10985000002E7FF4E4ADDDE5099B4B4453441C7AB4
:109860001A72D2E64F723946E8E74FF4A8617020C9
:1098700000F000FE4FF4E871702000F0FBFD40F2B4
:109880003951702000F0F6FD300E00202DE9F84F20
:109890007B4CDFF8F08105464FF0010B04F1080A1C
:1098A000B8F1000F04D0002140F2C650AFF30080A1
:1098B000BBF1000F04D1744B0BB1AFF3008062B663
:1098C0004FF000032374B8F1000F04D0002140F2E0
:1098D000CB50AFF3008094F821606C4BB146013659
:1098E00006F0010703EB891E03EB871CBEE80F009F
:1098F000ACE80F00BEE80F00ACE80F00BEE80F00B8
:10990000ACE80F009EE80F003E468CE80F00B8F16F
:10991000000F04D0002140F2DE30AFF3008009EBED
:10992000490907EB47070AEB09033AF809209B7836
:109930002AF807205744BB70B8F1000F04D000216B
:1099400040F2E230AFF30080237C03F0FF01002BF4
:1099500040F08680B8F1000F03D040F2D550AFF34D
:10996000008005EB461304EB4303770193F82820AE
:10997000032A73D106EB4602224492F808904D4523
:1099800078D0B9F1200F69D04B4601E0202B65D08B
:10999000FA1804EB4202194692F829309D42F5D19B
:1099A000202D5BD07B19394404EB430304EB4101C8
:1099B00093F8293081F82930B8F1000F0CD000213C
:1099C00040F24B30AFF30080B8F1000F04D000211B
:1099D00040F2DA50AFF300802F4404EB4707012335
:1099E00087F82830B8F1000F04D0002140F2E3508E
:1099F000AFF30080264B0BB1AFF30080EFF3108B79
:109A000072B6237C002B7FF44BAF4D4503D1214B25
:109A10001B78202B1CD094F82130DB4303F001038A
:109A200084F82130FF2323740124BBF1000F04D1FB
:109A3000154B0BB1AFF3008062B6B8F1000F04D044
:109A4000002140F20560AFF300802046BDE8F88FAA
:109A500031460220FFF724F90028DCD10024E4E796
:109A6000B8F1000F3FF424AF002140F2D150AFF322
:109A7000008015E7202DF1D093F8293013729BE771
:109A8000B80E00200000000000000000E00E0020E2
:109A900000000000300E002070B506280DD8DFE869
:109AA00000F01C52040C0C740D00B14A4FF08041C0
:109AB00012680123C1F80835136070BDAD4D2B78D5
:109AC000202B00F09180AC4C5A0104EB4313A258B8
:109AD0005868BDE8704005211047A54CD4E906231D
:109AE000B3F1FF3F08BFB2F1FF3F00F0D080A34EBB
:109AF0000120FEF70BFA737F012B04D0FDF752FF14
:109B0000002800F030819B4D2B78202B00F09B80AB
:109B1000FF23A373D6E90223B3F1FF3F08BFB2F1DD
:109B2000FF3F05D00520FEF727F9002800F0168139
:109B30002B78914A590102EB4313BDE8704052580B
:109B40005868012110478B4D2B78202B00F0A68000
:109B50008A4E737F012B04D0FDF724FF002800F00C
:109B6000F380834CD4E90623B3F1FF3F08BFB2F181
:109B7000FF3F61D02B78804A590102EB4313BDE8C7
:109B800070405258586800211047794C94F82030A2
:109B90007BB1D4E90623B3F1FF3F08BFB2F1FF3F29
:109BA00000F0A2800120FEF7B1F9002384F82030F4
:109BB00070BD704D2A78202A00F09D806F4E4FF0C6
:109BC000FF324FF0FF33C6E90223A37B002B00F0E6
:109BD000B6802B78684A590102EB4313BDE8704008
:109BE0005258586806211047614890F8213003EB1D
:109BF00043010144DAB20B7A202B00F0AA8003EB78
:109C0000421200EB420292F829400C72FF210174CB
:109C1000022182F82810584C58492B700022C27338
:109C200081F8282004EB4312127E002A7FF44CAF07
:109C300000F042FD2B7847E7FDF74AFC00F0ECFE10
:109C4000C4E9060196E794F82130DAB203EB430346
:109C50002344197A20297CD001EB421204EB420202
:109C600092F829001872FF232374434B297003EBE9
:109C700041110023097EE37386F82830022382F81D
:109C8000283000297FF444AF00F016FD40E7FDF7CF
:109C90001FFC00F0C1FEC4E9060128E7344A92F82F
:109CA000213003EB43001044DBB2017A202950D06D
:109CB00001EB431302EB430393F829400472FF20A6
:109CC0001074022083F828002B4B297003EB4111FC
:109CD0002A4E097E0023D37386F8283000297FF4AA
:109CE00038AF00F0E9FC34E7FDF7F2FB00F094FE3A
:109CF000C4E9060156E794F82120D1B202EB4202F2
:109D00002244107A202824D000EB411104EB4101B9
:109D100091F829601672FF222274174A287002EB0C
:109D20004010164E027EE37386F82830022381F835
:109D30002830002A7FF443AF00F0BEFC3FE740F23A
:109D40004361702000F096FB40F25161702000F0FA
:109D500091FB40F24721702000F08CFB40F22F6114
:109D6000702000F087FB40F22961702000F082FB38
:109D7000B80E0020300E0020300A0020380E0020DF
:109D800070B5274B1A78202A86B044D0254CD4E9E8
:109D90000213B3F1FF3F08BFB1F1FF3F36D1224DAF
:109DA00005EB42150646D5E90201FDF775FAEA8A88
:109DB0002B7DD31803F101034FF0000252419B1990
:109DC00042F1000218180DF10B0342EB0101009360
:109DD00003AA04ABFDF7C2FA9DF80B20DDE90431BC
:109DE0000F2A94BF002201229B1841F10001C4E90F
:109DF00002310E4B9B7B13B9012006B070BDD4E934
:109E000002230520FDF7B8FF06B070BD40F62F0114
:109E1000702000F02FFB40F62E01702000F02AFB8E
:109E2000300E0020380E0020300A0020B80E00202E
:109E30002DE9F04F8D4B1E7887B0202E019000F059
:109E400010818B4F8B4D97F8213003EB43033B443C
:109E5000804628681C7A2B6903930DF11302AB69C5
:109E600002938946404405A9FDF74CFA824BA8F1BC
:109E700032029A4261D8DFF80482059B696908EBD7
:109E80004616B2689B1832699B182A699B1A23F000
:109E90007F40B0F5000F50D897F821A0AB61202C7F
:109EA00085F820905FFA8AFA18BF4FF0200B00F077
:109EB000CB8008EB441C9B18DCF8080041F1000142
:109EC0009842DCF80C308B414FEA44164ED39CF894
:109ED0001530012B02D06B7F012B32D00520FDF70E
:109EE000B3FF97F821104FF0FF324FF0FF33BBF173
:109EF000200FC5E90223C9B240F0A48001EB410163
:109F0000394420240B7A594A97F82110127802EB31
:109F1000411207EB420282F829302B68019A134460
:109F20002B60FF233B74202C40D0554B187800F059
:109F30003BFB002007B0BDE8F08F012007B0BDE873
:109F4000F08FA0EB0209FDF7BDFA40F256339842BC
:109F500020D040F2F55398421AD0B0F5C67F14BF16
:109F600001230E234B45B9DD95F820904644337EFE
:109F70004B4511D904EB4A1307EB430393F82930FF
:109F8000202B17D0A346D5E904211C46AB6990E7E6
:109F90003323E7E71D23E5E7DDE902312A695B1892
:109FA0009B1A0220AB6107B0BDE8F08F002007B01C
:109FB000BDE8F08F0520FDF747FF4FF0FF324FF06F
:109FC000FF3397F82110C5E90223C9B201EB410321
:109FD0003B4404EB411207EB420293F808A092F8CD
:109FE00029201A724FEA410C480153464FF00508E8
:109FF00000EB030E07EB4E0E1A4694421E468EF8F7
:10A0000028809EF82930F3D10CEB010EBE44614448
:10A010009EF80A90B9F1200F5FFA89F818BF8044C2
:10A020003944024418BF07EB480807EB42028E721E
:10A030004FF0200114BF88F829A08EF809A082F8FB
:10A04000291060E75C46C1E70520FDF7FDFE97F8A3
:10A0500021104FF0FF324FF0FF33C5E90223C9B2A0
:10A060004CE74FF40961702000F004FA300E002034
:10A07000B80E0020380E0020CE3F420F300A0020DC
:10A08000680E00202DE9F04FA64C94F8213000EB2B
:10A09000431304EB430383B093F82830002B00F004
:10A0A0003C8194F82170DFF880820546FFB2B8F158
:10A0B000000F04D0002140F6CF00AFF300807E01F6
:10A0C00005EB471704EB4707B8F1000F40F0E880B5
:10A0D000771904EB470797F82830012B09D0043B88
:10A0E000022B40F2D08000F018FD97F82830012BA9
:10A0F000F5D1DFF838B201230193ABF1200AB8F1B2
:10A10000000F04D0002140F6E600AFF30080019B71
:10A1100023B9874B0BB1AFF3008062B64FF0000359
:10A120002374B8F1000F04D0002140F6EB00AFF328
:10A13000008094F82160B1460BEB891EBEE80F0049
:10A14000013606F001070BEB871CACE80F00BEE8F8
:10A150000F00ACE80F00BEE80F00ACE80F009EE86F
:10A160000F003E468CE80F00B8F1000F04D000212C
:10A1700040F2DE30AFF3008009EB490907EB4707F7
:10A180000AEB09033AF809209B782AF8072057447C
:10A19000BB70B8F1000F04D0002140F2E230AFF301
:10A1A0000080237C03F0FF01002B40F08E80B8F18B
:10A1B000000F03D040F6F500AFF3008006EB460336
:10A1C00023444FEA46095F7ABD4200F09B80202F6E
:10A1D00030D0700101E0202F2CD0C31904EB4303D1
:10A1E00039463A4693F82970BD42F4D1202D21D04A
:10A1F0000144284404EB400004EB410190F829306D
:10A2000081F82930B8F1000F06D0002140F2433028
:10A210000192AFF30080019A09EB060323449B7A75
:10A220009F4260D0B8F1000F0CD0002140F24B30BB
:10A23000AFF30080B8F1000F04D0002140F6F90020
:10A24000AFF300803B4B0BB1AFF30080EFF3108313
:10A25000019372B6227C002A7FF451AF84F821600A
:10A26000FF22227423B9324B0BB1AFF3008062B6E8
:10A27000B8F1000F04D0002140F60B10AFF30080BE
:10A2800003B0BDE8F08F731904EB4303DFF89CB013
:10A29000012283F8282001230193ABF1200A2EE745
:10A2A00097F82830012B3FF424AF043B022B16D93A
:10A2B000002140F6DB00AFF3008000F02EFC00210F
:10A2C00040F6DF00AFF30080FEE6B8F1000F3FF488
:10A2D0001EAF002140F6F100AFF300800FE701232D
:10A2E00087F82830EBE7B8F1000F06D0002140F2E4
:10A2F00046300192AFF30080019A09EB0603234434
:10A300009A728FE7202D95D005EB461204EB42029E
:10A3100092F829205A72202274E740F6C601702074
:10A3200000F0A8F8B80E002000000000E00E0020A9
:10A330000000000000000000BFF34F8F0549064BEE
:10A34000CA6802F4E0621343CB60BFF34F8F00BFD3
:10A35000FDE700BF00ED00E00400FA05094B012213
:10A360005A604FF0FF32C3F80823074B4FF4804286
:10A37000C3F88020BFF34F8FBFF36F8FC3F88021E6
:10A38000704700BF00E0004000E100E0094B0122FF
:10A390005A604FF0FF32C3F80823074B4FF4805246
:10A3A000C3F88020BFF34F8FBFF36F8FC3F88021B6
:10A3B000704700BF00C0004000E100E0084B0022F1
:10A3C000C3F8FC2F0122C3F8FC2F064B0222C3F86E
:10A3D0008020BFF34F8FBFF36F8FC3F8802170478A
:10A3E0000010004000E100E0F8B51B4E3378054650
:10A3F0000C4617466BBBFCF7EDFE184B7760002D43
:10A4000008BF1D4628463472FFF7D8FFFFF7BEFF8E
:10A41000FFF7A4FFFDF790F90546C0B9FEF7E6FC8B
:10A42000FDF77EF9FDF7C8F800F0A6FA002C0CDB6A
:10A4300004F01F026409A40004F1604404F56144BF
:10A4400001239340C4F880312360012333702846F0
:10A45000F8BD4FF0FF35FAE7600F002062E6030019
:10A4600008B572B6024B5B6803B19847FFF764FF0B
:10A47000600F00201FB572B6134B5D688DB9FFF7F2
:10A480005BFFB2FBF6F2DCB20133002AF9D104F132
:10A4900010036B4403F80C2C0A2234B901A8A84716
:10A4A000EDE7024600230A26EDE7631E04AEDCB2A8
:10A4B00056FA83F3B0FBF2F602FB1600303003F8D5
:10A4C0000C0C3046E9E700BF600F0020074B93F902
:10A4D0000830002B09DB5A09012103F01F0301FAA0
:10A4E00003F34032024941F822307047600F0020E8
:10A4F00000E100E01B4B4FF4805270B5C3F88020A0
:10A50000BFF34F8FBFF36F8F174D184C0021C5F865
:10A510000011C3F880212669236943F010032361E9
:10A520000123C5F8043306F010062B60D5F800317E
:10A53000A3B11EB9236923F0100323610A4B012242
:10A54000D3F808055A60C3F808230022C3F8002195
:10A55000044B4FF48052C3F8802170BD00F0DDFA47
:10A56000E4E700BF00E100E000C0004000ED00E0D3
:10A5700038B50C49024605200138C0B2FF2803D186
:10A5800048216920FFF776FF01EBC0031D7905F034
:10A59000FF04002DF0D141F8302001225C719C7144
:10A5A0001A7138BD700F0020042808B503D958214E
:10A5B0006920FFF75FFF094B03EBC0000379012B14
:10A5C00001D05921F4E7437982790133DBB29A4211
:10A5D00018BF4371BDE80840FFF778BF700F002037
:10A5E00070B5124C06250026013D15F0FF0500D17F
:10A5F00070BD94F8281004EBC1031A79012A09D11F
:10A6000058799A79904205D05A79D2B29A7154F811
:10A610003130984794F828300133DBB2042B94BFD3
:10A6200084F8283084F82860DEE700BF700F00202F
:10A6300008B500F024FA70B900F02AFA58B900F011
:10A6400030FA40B900F03FFA044A054B002808BF31
:10A650001346184608BD024BFBE700BF00E7014068
:10A660000C05004008B500F02EFA08B3EFF3108097
:10A6700072B6104A1369116941F010011161A2F517
:10A68000406203F01003D2F80011D2F804210A430B
:10A6900000D040BF20BF00BF00BF00BF00BF23B934
:10A6A000044A136923F01003136100B962B608BDB0
:10A6B00020BFFCE700ED00E0014B01229A777047D4
:10A6C000D80F00202DE9F04786468C460846089EA4
:10A6D000154674461946002B40F0C2808542B2FAF6
:10A6E00082F245D94AB1C2F1200300FA02FC2EFAE7
:10A6F00003F3954043EA0C0C94404FEA154EA8B280
:10A70000BCFBFEF8230C0EFB18CC08FB00F943EA57
:10A710000C43994528D9EB1808F1FF3704D2994525
:10A7200002D9A8F102072B44A3EB0903A4B2B3FB9F
:10A73000FEFC0EFB1C330CFB00F044EA0344A04279
:10A7400014D92C190CF1FF3304D2A04202D9ACF178
:10A7500002032C44241A43EA07401EB1D4400023CC
:10A7600034607360BDE8F0874746DDE76346F1E794
:10A7700092BB431B01214FEA154EAFB2B3FBFEFC67
:10A78000200C0EFB1C330CFB07F840EA03439845F2
:10A7900062D9EB180CF1FF3004D2984502D9ACF124
:10A7A00002002B44A3EB0803A4B2B3FBFEFC0EFB98
:10A7B0001C330CFB07F744EA0344A7424ED92C197B
:10A7C0000CF1FF3304D2A74202D9ACF102032C44AE
:10A7D000E41B43EA0040C0E7C2F1200320FA03F182
:10A7E000954090402EFA03F303434FEA154EAFB263
:10A7F000B1FBFEFC0EFB1C10190C0CFB07F841EA28
:10A800000041884504FA02F422D969180CF1FF309E
:10A8100004D2884502D9ACF102002944A1EB080119
:10A820009BB2B1FBFEFC0EFB1C110CFB07F743EACD
:10A8300001439F420ED9EB180CF1FF3104D29F4225
:10A8400002D9ACF102012B44DB1B41EA004192E743
:10A850006046E3E76146F7E76046A3E76346B7E78C
:10A86000834206D916B9002108467BE7C6E900E015
:10A87000F9E7B3FA83F78FB9834201D3724508D859
:10A88000BEEB020460EB030301209C461EB90021CD
:10A8900068E73846FAE7C6E9004CF8E7C7F1200C4C
:10A8A000BB4022FA0CF41C432EFA0CF120FA0CF3F4
:10A8B000B84001434FEA14490EFA07F5B3FBF9F823
:10A8C0001FFA84FE09FB18300B0C08FB0EFA43EA52
:10A8D00000439A4502FA07F240D9E31808F1FF3025
:10A8E00004D29A4502D9A8F102002344A3EB0A033B
:10A8F00089B2B3FBF9F809FB183308FB0EFE41EAF5
:10A9000003418E452CD9611808F1FF3304D28E45DE
:10A9100002D9A8F10203214443EA0040A0FB0298B7
:10A92000A1EB0E014145CE46434602D306D14D452B
:10A9300004D2B9EB020E68EB04030138002EA6D056
:10A94000B5EB0E0261EB030101FA0CFC22FA07F3EE
:10A950004CEA0303F940C6E9003198E74046C5E7F1
:10A960004346D9E7034613F8012B002AFBD1181AF6
:10A9700001387047FCF72EBC70B5FCF76BFC002467
:10A9800005462646E0B2854200D870BDFCF768FC5B
:10A990000134868480F82660F4E7FDF745B908B5F0
:10A9A00000F0AFF828B14FF080430222C3F8342CF6
:10A9B00008BD00F088F80028F5D100F099F80028CB
:10A9C000F1D1F5E74FF0804301221A6070474FF054
:10A9D0008043D3F8080400F0010070474FF0804333
:10A9E000D3F8140400F0010070474FF08043D3F80F
:10A9F0001C0400F0030070474FF080410246D1F87C
:10AA00001804D1F8181410F4803004D001F00300B9
:10AA1000831A58425841704707B56846FCF7FCFF57
:10AA2000DDE900024FF080730021E2FB030103B077
:10AA30005DF804FB08B5FCF7D9FFBDE80840FCF75A
:10AA4000BFBF0346002018707047EFF3108272B644
:10AA500003780121DBB2017002B962B6012B0CBF91
:10AA60006FF0220000207047EFF3108372B60022CF
:10AA7000027003B962B600207047FFF7B1BD4FF016
:10AA80008053D3F83001A0F10F035842584170476A
:10AA90004FF08053D3F83001A0F10A0358425841D7
:10AAA00070474FF08053D3F83001A0F10E035842A5
:10AAB000584170474FF08053D3F83001A0F1100394
:10AAC0005842584170474FF08053D3F83001062860
:10AAD00003D0431C584258417047012070474FF043
:10AAE0008053D3F83001A0F10D035842584170470C
:10AAF0004FF08053D3F83001A0F108035842584179
:10AB0000704708B5FFF7C4FF30B14FF08053D3F85A
:10AB10003401B0FA80F0400908BDFFF7A3BDFFF78C
:10AB2000A1BD00280CBF6FF0150000207047002069
:10AB300070470723037000207047002070470020F3
:10AB40007047000010B50B4A13889378938891687A
:10AB5000127B82709BB24FF0FF344460102403716B
:10AB60001B0A04704371192434234470C170C371EB
:10AB700010BD00BF2015002070B50E490B888D78E0
:10AB80000D4985700C889AB214FA83F39BB20B4C72
:10AB90000B80192101702178C3704E1C1B0A0371B0
:10ABA00042713023C2F30322267041708271C37157
:10ABB00070BD00BF2015002066330020CB3300207D
:10ABC000F7B5654E3378002B00F08A80634F3C78F0
:10ABD000002C00F08580362B614D65D022D8192BD2
:10ABE0005ED010D8102B37D0112B4AD000246846E5
:10ABF0003C703470FFF7C0FF2C706A4608210020BB
:10AC000011F012FF3BE0312BF0D14FF0FF32CDF8C5
:10AC100001208DF805208DF80030524B1B88ADF8CF
:10AC200006301CE0502B49D0512B54D0472BDDD19E
:10AC30004FF0FF3201924C4A8DF800304B4B1278A6
:10AC40001B788DF802204A4A8DF8013012788DF871
:10AC50000320312B03D1E0E76846FFF773FF631E43
:10AC6000DBB22A783B700BB933702B70002AC4D04A
:10AC70006A460821002011F0EBFE0028BDD103B088
:10AC8000F0BD4FF0FF328DF800307F23ADF8052086
:10AC9000CDF801208DF8053030238DF80730DEE740
:10ACA0006846FFF769FFDAE74FF0FF328DF80030B2
:10ACB000CDF80120ADF805200223EEE74FF0FF327A
:10ACC000CDF801208DF80030002201238DF80330EB
:10ACD0008DF80520A3E727490123CDE90013BEE73E
:10ACE000254A1368591C1160244A5A43B2F1333F74
:10ACF00003D86846FFF726FF7FE703F03F033D2BAD
:10AD00000CD14FF0FF33CDF80130ADF805303623CC
:10AD10008DF8003002238DF807306EE73E2B0FD1FF
:10AD20004FF0FF33CDF8013050238DF80030002272
:10AD300001238DF803308DF80520ADF806305CE76F
:10AD40003F2B04D10B4A0123CDE9002355E7684688
:10AD5000FFF712FF51E700BFCA330020C9330020BC
:10AD6000C833002064330020EA020020E9020020FA
:10AD7000E802002051FF00011C150020CDCCCCCCF6
:10AD800090F82C10002944D190F82D30032B02D0DC
:10AD9000802B02D07047FFF713BF43784E3B022B46
:10ADA00037D8C378312B21D1B0F809201948037066
:10ADB00019480378FF2B1CBF0133D9B2B2F57A5F73
:10ADC000164B017002D903221A70704714490A8089
:10ADD00000211970134BBFF35B8F53E8001F43E84A
:10ADE00000200028F9D1BFF35B8F7047462B10D1AC
:10ADF000837A012B0DD1037A417A0B48DA0902706C
:10AE00000A4A03F07F031170012B094A38BF01235E
:10AE100013707047E9020020EA020020E8020020D7
:10AE200064330020D0000020C8330020CA33002043
:10AE3000C93300202DE9F04192B04F4812F0ACFC2C
:10AE400050B980F31188BFF36F8F0323184602DFD8
:10AE5000002012B0BDE8F08105F066FA98BB4748C3
:10AE600005F074FA78BB05F0A3FA60BB444A106899
:10AE700051680AAB03C30AAD90681860284612F007
:10AE8000FDF90446F8B9FFF79BFE2146204611F074
:10AE9000B9FDC0B9384E3B4FB46823680BBB3A4A82
:10AEA000BFF35B8F4FF0FF3152E8003F42E80010E4
:10AEB0000028F9D1BFF35B8F002B4DDA002142202F
:10AEC0000DF0C4FAE9E7002383F31188BBE70D2AEC
:10AED000E3D03B685E2B3CD8591C39602B49CA54DF
:10AEE000DBE70DF117013046984703460028D6D11D
:10AEF0009DF817200A2AEAD13A682448835442B3BD
:10AF000009AB019308AB00932149029507AB06AA50
:10AF10000DF00AFE05281CD1069B9DF828C040F6BE
:10AF2000FF70984228BF1846079BFE2B28BFFE23C0
:10AF3000D9B2089B4FF6FF729A4228BF1A46154BAA
:10AF400092B280B2188099709A80099A9A6083F8B8
:10AF50000CC000233B60A0E70F4A202128460DF0DB
:10AF6000AFFDA84618F8011B0029A7D0B3683046EA
:10AF70005B689847F6E700BFCCE3030081AD0200B1
:10AF800080E6030018150020D00000206833002060
:10AF900054EA03002015002066EA0300014B1B68F9
:10AFA000184700BFD400002007B50B460021024619
:10AFB0000091034800F068F803B05DF804FB00BF9F
:10AFC0009DAF0200F0B5094E016802460A27002035
:10AFD0000B4601311C78355D6D0701D41360F0BD5F
:10AFE00007FB0043A3F13000F2E700BF5FEC030072
:10AFF0002DE9F84F15469A46D378224A12F803B045
:10B000006F2B80460F460BF0030B29D024D8582B0A
:10B010000CBF10260A26DDF8289032460023404651
:10B020003946FCF7BDF8092AD4B21ED83034B045F1
:10B03000E4B277F1000709F8014D01D3D14511D8E9
:10B040002B789B0605D5082E15D1AB7843F0080365
:10B05000AB704846BDE8F88F03F0F703702BD7E7D5
:10B060000826D8E780460F46D7E7BBF1010F0CBF93
:10B0700037345734DBE7102EEBD1AB7843F01003B5
:10B08000E6E700BF5FEC03002DE9F04F97B08A467A
:10B09000039016461C460025307808B928464BE335
:10B0A000731C2528049307D0039B5146984700281A
:10B0B000C0F242830135F0E11822002110A812F0FD
:10B0C000F4FE7378252B00F0A3800023711C9846B2
:10B0D0009E469C4618460F4611F8012B2B2A00F07D
:10B0E000C68000F2BD80202A00F0C480232A00F030
:10B0F000C4802BB19DF8483043F040038DF84830B0
:10B10000B8F1000F05D09DF8483043F020038DF8CA
:10B110004830BEF1000F05D09DF8483043F01003D1
:10B120008DF84830BCF1000F05D09DF8483043F051
:10B1300008038DF8483028B19DF8483043F00403E7
:10B140008DF848309DF8483003F04401442903D17C
:10B150006FF386138DF848309DF84830099743F017
:10B1600080032A2A8DF8483040F08C809DF84930C1
:10B1700043F001038DF849307B1C1A782E2A9DF884
:10B1800049200CBF0121002161F341028DF84920C3
:10B190000CD15A1C09925A782A2A40F083809DF8D3
:10B1A000492042F004028DF8492002331A786C2AB3
:10B1B00000F0A48000F28680682A00F08C806A2A61
:10B1C00000F0A5804C2A00F0AA801A4612F8013B34
:10B1D0000492782B9DF849208DF84B3000F21781AE
:10B1E0006D2B00F2A980692B00F21181572B00F220
:10B1F000BE80412B03D0453B022B00F208819DF815
:10B200004A30042262F302038DF84A300123CAE077
:10B21000B21C04928DF84B309DF84930D90740F1AB
:10B22000FD8054F8048BB8F1000F07DA9DF8482030
:10B2300042F004028DF84820C8F100085A0740F196
:10B24000F68054F804BBBBF1000F80F2F5809DF846
:10B2500049306FF341038DF849304FF0FF3BEBE08D
:10B260002D2A0DD0302A7FF444AF012333E74FF06D
:10B27000010C30E74FF0010E2DE74FF001082AE7EF
:10B28000012028E709A8FFF79DFE099BBB423FF478
:10B2900074AF9DF848201390C00F60F341028DF801
:10B2A00048206AE709A8FFF78DFE9DF84830149002
:10B2B000C3F3400242EAD07262F341038DF8483092
:10B2C000099B73E7742A26D07A2A7FF47EAF9DF813
:10B2D000492006210CE05A78682A9DF8492006D1B9
:10B2E000012161F3C6028DF8492002336DE7022186
:10B2F00061F3C6028DF84920013366E75A786C2A5B
:10B300009DF8492001D10421EBE70321F0E79DF8E6
:10B3100049200521ECE79DF849200721E8E7BDF821
:10B32000482022F4F04222F0020242F4804242F02D
:10B330000202ADF84820DFE76E3BD9B201238B4013
:10B3400040F282410B4238D113F0240F52D1DF0773
:10B350005DD59DF84A30032161F302038DF84A3030
:10B3600002F07803A3F14000434243411BE0A3F104
:10B370005801C9B2012000FA01F111F4624F7FF4C3
:10B380003EAF40F6010739421DD111F4043F3ED0D3
:10B390009DF84A3060F3020302F07802402A8DF8EB
:10B3A0004A3034D000239DF84820C2F340010B43BB
:10B3B00063F341028DF848202EE79DF84A300221C0
:10B3C00061F30203E8E79DF84A10022002F07802D8
:10B3D00060F30201402A8DF84A1002BF9DF8481020
:10B3E00041F001018DF84810632BDBD1131E18BF0B
:10B3F0000123D8E79DF84A30032161F3020312F0DC
:10B40000780F8DF84A3014BF01230023CBE79DF855
:10B41000483043F001038DF84830C3E79DF94820D8
:10B42000002AB4BFDDF84C804FF0FF3806E79F07D5
:10B430007FF513AFDDF850B09DF849100023CDE93A
:10B4400013339DF84A3003F00703012BC1F3C30106
:10B4500033D1CB1E042B04D8DFE803F0214646216C
:10B460002100236801294FEAE372CDE910321CD193
:10B470009DF94030DA17CDE9103204349DF8483098
:10B4800013F0030750D0049B03983246514610F046
:10B49000A0FF0028C0F250810544049EFCE554F84A
:10B4A000043BDA17CDE91032E8E70229E5D11AB2F8
:10B4B00043F3C033CDE91023DFE7022B24D1CB1EA9
:10B4C000042B04D8DFE803F0181010181800012925
:10B4D00054F8043B4FF0000214D00229CDE9103299
:10B4E000CCD19BB21093C9E7073424F00704F4E8E9
:10B4F0000223CDE91023C1E754F8043B1093002345
:10B500001193BBE7DBB2CDE7042B08D1073424F05D
:10B510000704D4E900230834CDE91023AEE7032B58
:10B52000ACD154F8043BDDE79DF84B007828B4D843
:10B5300062281DD825283FF4B7AD5828ADD10DF1AC
:10B540003E030093DDE910010AAB12AAFFF750FD9C
:10B55000BBF1000F814680F29980B9F1000F9CD0B9
:10B560000DF13E06A6EB0903002F50D001334EE04B
:10B570006338152891D801A252F820F0FDB50200D9
:10B5800061B602009BB402009BB402009BB40200AF
:10B590009BB4020061B602009BB402009BB402009F
:10B5A0009BB402009BB40200EDB6020087B6020015
:10B5B000AFB602009BB402009BB40200D5B50200F6
:10B5C0009BB4020087B602009BB402009BB4020049
:10B5D00087B60200BBF1000FDDF840900ADB594648
:10B5E000484612F06CFCB9F1000F3FF456AF09EB7E
:10B5F000000677E04846FFF7B5F9F8E7109B8DF8AD
:10B60000283000270DF129060DF1280901239DF8A6
:10B610004A1011F01002069200F082800233139A51
:10B62000059213444A0644BF14995B18B8F1000F01
:10B6300040F38F80A8EB03089DF848305807C3F308
:10B64000800B00F18680590679D53FB1039B5146A6
:10B650003846984700286FDB01355F4630236FE09E
:10B660001E075CBFC3F300135F01DDE9102348BF71
:10B670002B27002BBFF663AF524263EB4303CDE9A8
:10B6800010232D275BE7002759E700279DF8481076
:10B690000DF13E03A3EB09036FF386119B458DF873
:10B6A00048107FF65AAFABEB0303139355E710989E
:10B6B00080B30DF13E060AAB009612AA0021FFF7F7
:10B6C00097FCBDF84A3003F0EF0343F4F04343F036
:10B6D0001003BBF1000F8146ADF84A30D5DA0028DF
:10B6E0003FF4DBAEA6EB0903002790E7109B072988
:10B6F0003FF6D3AEDFE801F00C04060C08080C0C92
:10B700001D70CAE61D80C8E6EA17C3E90052C4E608
:10B710001D60C2E6304E0746A6F10509052376E70F
:10B72000080748BF01337AE7184607935146039B41
:10B7300098470028079B04DA17B0BDE8F08F202354
:10B74000C346594600290BF1FF3BEDDC45446D1A19
:10B75000D84637B1039B5146384698470028EBDB63
:10B7600001359DF84A30DA0601D41B0706D5039B44
:10B770005146302098470028DEDB0135069B3BB15F
:10B780009DF84B00039B514698470028D4DB0135B8
:10B79000059F2F4406E0039B514630209847002820
:10B7A000CADB01357B1B002BF5DC039833464A4688
:10B7B000514610F00EFE0028BEDB0544A844A8EB5D
:10B7C0000503002B7FF769AE039B51462020984765
:10B7D0000028B1DB0135F2E772EA03002DE9F047FA
:10B7E000058B04462807904611D4022905F0070569
:10B7F00040F0CC80204610F01EFE78B10138218B3D
:10B80000042811D8DFE800F0C2106D8595000129E9
:10B810000CBF45F0100545F02005258388F31188FD
:10B82000BFF36F8FBDE8F08701F0070AAA4500F06B
:10B83000A5800027B9463E46A368002B00F0BC80D7
:10B8400041F00801218388F31188BFF36F8FA1684D
:10B85000002900F0BA800D68002900F0B680D1F808
:10B860000480334652462046C047002D76D02B68D0
:10B8700029461D46F0E701F007035A1F012A1BD88D
:10B88000002221F00701062B276889B2C4E90022B3
:10B8900009D13B4603E0628B013262831B68002BB7
:10B8A000F9D141F002012183204610F0C4FD0028A7
:10B8B0007AD041F0200176E0042B0AD121F0070173
:10B8C00089B22183204610F0B6FD10B141F020016D
:10B8D0002183218B01F0070AAA454FD00027B946E2
:10B8E000AAE7236921F0070141F00601062DD3F8EC
:10B8F000009021832DD1B9F1000F3FD041F0080114
:10B90000218388F31188BFF36F8F3A492046C847D7
:10B9100029E021F00701236941F0040189B2042DD7
:10B92000D3F804902183E6D000273E464FF0040A66
:10B9300082E721F00701236941F0050189B2052D55
:10B94000D3F808902183D6D000273E464FF0050A51
:10B9500072E700273E464FF0060A6DE72B4687E761
:10B96000B9F1000FD1D1EFF31188402383F312888E
:10B97000BFF36F8F238B23F008032383258BEA0605
:10B980002ED525F01003238305F007056669218B6A
:10B99000002EBFF670AF00232768C4E9003321F002
:10B9A000070141F001012183218B01F0070AAA451B
:10B9B0004FF000097FF440AF002F9CD041F0080108
:10B9C000218388F31188BFF36F8F002FC8D03D68A3
:10B9D000394633465246204610F059FD2F46F4E7CB
:10B9E000AB067FF51BAF25F02003238305F0070589
:10B9F00000E700BFBBC40300014B03600020704799
:10BA0000A8E60300F0B40C4B0C4E5F6A0C4BB3423B
:10BA100003D36FF08500F0BC70475D68BD4209D369
:10BA20001C693CB195F802C00579AC4502D12346AA
:10BA3000F0BC18472433EAE730150020A8040020A2
:10BA4000840400202DE9F047134CDFF85080DFF824
:10BA5000509005460E461746444503D36FF08500C7
:10BA6000BDE8F0876268D9F824309A4212D3A369FE
:10BA700083B190782979884205D13A4631462846E3
:10BA8000BDE8F04718475279012A03D13A463146BA
:10BA9000284698472434DFE784040020A8040020C7
:10BAA000301500202DE9F0410B4CDFF830800546C1
:10BAB0000E461746444502D36FF0850009E06369DE
:10BAC0000BB92434F6E73A46314628469847002811
:10BAD000F7D1BDE8F08100BF84040020A804002055
:10BAE00010B5044611F095F810F1780F00D050B958
:10BAF000054A204610F05EFED2F8C43023EA000367
:10BB0000C2F8C430002010BD30150020024B0022C6
:10BB10001A605A60704700BFEB15002070B50B4BE0
:10BB20000B4CA34201D3002070BD196A1E7F002276
:10BB30000439D5B2AE4201D82433F2E7013211F80C
:10BB400032508542F5D10120EEE700BF8404002089
:10BB5000A804002008B509480378C3F341130A3349
:10BB600050F823303BB100F1080200F11001984772
:10BB7000C043C00F08BD1846FCE700BF30150020C9
:10BB800004282DE9F14FDFF8989004460F4616D0AF
:10BB900001282DD1DFF88C8098F8B93043B300F03C
:10BBA00003FE214D4D4520D2D5F820B04FF0000ABC
:10BBB0002B7F5FFA8AF6B34204D82435F2E7FFF709
:10BBC000A5FFE7E70BEBC6060AF1010A307911F091
:10BBD00020F80246307910F0EDFDD8F8C430002A84
:10BBE00023EA0003C8F8C430E2DA002388F8B93049
:10BBF0000D4D4D4508D30B4B1B6A6BB139462046A2
:10BC000001B0BDE8F04F1847EB681BB13A4621463A
:10BC1000284698472435ECE701B0BDE8F08F00BF17
:10BC2000A8040020301500208404002073B5C4B29D
:10BC300063060D468DF8074007D02046FFF76EFFDC
:10BC400078B10D4B93F8BA0058B10B4E204655B160
:10BC500002F04EF9F3691BB10DF107010820984776
:10BC6000012002B070BD02F06BF9F369002BF7D030
:10BC70000DF107010920F2E73015002073B5867831
:10BC80008DF80060037942791C4C43EA0223ADF839
:10BC90000230C378304603F003038DF8043010F00F
:10BCA00089FDD4F8C430184205460BD0304600F068
:10BCB0005DFD3046FFF714FF11F0EFFE10B996203E
:10BCC0000CF0E2FB684602F0EFF810F1780F03D0B9
:10BCD00010B1002002B070BD9DF8000002F06CF9B8
:10BCE00010F1780F01D00028F3D1D4F8C43001202E
:10BCF0002B4384F8B900C4F8C430EBE730150020BA
:10BD00002DE9F047A34EB36904460F461546FBB92B
:10BD1000237803F01F03012B00F09D80022B00F01D
:10BD2000048133BB94F900002A686178002834DA72
:10BD3000062912D008292BD0D9B9012313705170CC
:10BD400096F8C3305B0043F00103137002232AE12D
:10BD500098470028DCD100200DE06288100A011FFE
:10BD60000129844605D9072803D8716AD2B20C7814
:10BD70001CB96FF01500BDE8F0874E78664503D119
:10BD80009A4200F00B8101332144F0E70B780AE17D
:10BD900096F8BA301370012305E101390829E8D873
:10BDA00001A353F821F000BF41BE020073BD0200A1
:10BDB0004FBE020073BD0200CDBD020073BD020084
:10BDC00073BD020073BD0200D9BD0200A07802F06D
:10BDD00059F80028BFD0CCE76388756A63BBFFF7CA
:10BDE00095FE638886F8BA30F369002BB3D06A49B0
:10BDF00003209847AFE76B78042B10D0052B11D0A8
:10BE0000022B04D16F796388BB4208BF01202B78D5
:10BE10001D442B78002BEED10028AAD0DFE795F83F
:10BE20000380F4E76388BB42F1D1B8F1000FEED193
:10BE30002846FFF723FFEAE7FF270020B846E8E798
:10BE40006388012B95D1002386F8C33083E763888C
:10BE5000012B8ED1F8E796F8BA30D5F800C0002B48
:10BE600087D0756AA38894F804E02A4610780028E1
:10BE70003FF47FAF5178022904D192F80480F04555
:10BE800000F293800244F1E78CF800208CF8012046
:10BE9000396060E7154494E00B2A7FF46AAF00270D
:10BEA0004FF0FF08C146BA4606E06B78042B0FD06E
:10BEB000052B21D02B781D442B78002BF5D1F3696D
:10BEC00013B1514607209847002F7FF444AF50E745
:10BED00095F80280A38895F803909845EAD1638885
:10BEE0009945E7D1B8F1070F1CD806EB0803AA461D
:10BEF00083F8BB900127DDE7A3884345DAD1A37817
:10BF00004B450AD0AF78384600F030FC3846FFF792
:10BF1000E7FDB0FA80F77F09CCE72846FFF7AEFED1
:10BF20000746C7E7AA460027C4E794F900206378CC
:10BF3000002A18DA002B7FF41CAF24792D686306E1
:10BF40000AD02046FFF7EAFD00283FF412AF96F82A
:10BF5000BA30002B3FF40DAF2946204602F010F80E
:10BF600000236B70F2E6012B08D0032B7FF401AFA6
:10BF70006388002B7FF4FDAE012103E06188002976
:10BF80007FF4F7AEA088FFF751FE00287FF4E3AE00
:10BF9000EFE600BF30150020EA15002002282960D6
:10BFA0007FF4F4AE4B883B60D5E694F900006278EC
:10BFB0000028BFF671AF002A3FF466AF0A2A7FF46B
:10BFC000D8AE2A78002A3FF4D4AE697804297FF4E9
:10BFD00061AFA9788B427FF45DAF072B96BF9B19A9
:10BFE000002393F8BB308CF80030D4E613B5164C20
:10BFF000237DF3B9E268A168019201AB802010F0C3
:10C00000E7FB019AA3681344A360E3689B1AE3600B
:10C010006BB962B12369E2889A4208DD94F8C820BE
:10C0200093FBF2F102FB11330BB90123237502B02C
:10C0300010BD00231A4619468020237502B0BDE8C2
:10C04000104001F0E3BF00BF3015002030B585B0CF
:10C05000002302460D460193002858D1002935D10E
:10C0600008220B460DEB020110F0ECFD002804DA6B
:10C07000802001F03DFF05B030BD2A4C029A2260BD
:10C08000039A626004F13802A2609DF90820BDF8AD
:10C090000E302575002AC4E903550ADB802B04D92C
:10C0A000802001F025FF0020E3E713B1C4E903334A
:10C0B000E1E7FFF74FFD0028DAD0E28823699A42D2
:10C0C000D4BFE260E360FFF791FFD4E7154CD4E9F9
:10C0D0000215002D01AB04DC10F0B4FD0028CADA13
:10C0E000C6E72A4610F0AEFD0028D9DB019AA36806
:10C0F0001344A360E3689B1AE360002BBBD104F1F7
:10C100003803A360FFF726FD0028DCD1B0E78028C4
:10C11000B1D1044BDA68002AD5D11B7D002BD2D1D6
:10C12000A9E700BF30150020054B064A9A62064A6F
:10C13000DA62064A1A63064A58629A61002070471A
:10C140003015002001BD020005BA0200A5BA0200A8
:10C1500045BA02002DE9F3410446474D47484FF0E8
:10C16000FF334FF0FF320BF0EFFB95F8B830002BA8
:10C170007BD16B6A83B142482C62E8616E6A02F03F
:10C180005FF801F04DFE041E10DA3C480BF054FC41
:10C19000204602B0BDE8F08100F0BEF8FFF7C4FF12
:10C1A0006B6A002BE7D14FF0FF34EEE700F01EFB87
:10C1B000041EEADB7378012B5AD1F379002B57D098
:10C1C0000026684685F8C830ADF802308DF8046066
:10C1D0008DF8006001F068FE041ED6DB80276846FB
:10C1E0008DF8007001F060FE041ECEDB254930465C
:10C1F00002F012F8041EC8DB2249384602F00CF89F
:10C20000041EC2DB204CDFF8848044451AD3002092
:10C2100001F0D2FE041EB8DBD5F8C430802043F014
:10C220000103C5F8C43001F0C7FE041EADDBD5F82C
:10C23000C43043F48033C5F8C430012385F8B830E6
:10C240000024A2E7276A0026227FF3B29A4201D88F
:10C250002434DAE707EBC30257F83310107901F002
:10C26000DBFF01360028EFD09DE76FF077048CE705
:10C270006FF0150489E700BF30150020AC030020E3
:10C2800081BB02004DC0020084040020A8040020ED
:10C2900030B51F4B8BB005AA03F11005186859681B
:10C2A000144603C40833AB422246F7D11B782370EF
:10C2B0001022002101A811F0F8FD122200211548DA
:10C2C00011F0F3FD102101A810F0ECFD00281BDD9A
:10C2D0000828B8BF0820093801AB0E491A180020F9
:10C2E00012F8013F0AAC04EB131403F00F032833D8
:10C2F0006B44013014F8144C13F8143C0C700828EB
:10C300004B7001F10201EBD102480BB030BD00BF10
:10C3100073EA0300CD3300202DE9F04F744B93F8FE
:10C3200000B087B0BBF1000F03D0724807B0BDE882
:10C33000F08F704C00264FF0011AB0463546B146DA
:10C3400023783BB96C4B02349C42F3D1684A0123F9
:10C350001370EAE76378052B1BD8DFE803F08E0340
:10C36000C68E1D39402304A88DF810B0ADF81230E8
:10C370008DF814B010F038FC40B1082304A8ADF8D3
:10C38000123010F031FC08B1ADF812B0BDF8123027
:10C39000E37123781C44D3E7E378002BF9D1A37829
:10C3A0006BB108F101085FFA88F8F2E76B689C420C
:10C3B00007D02435514B9D42F8D30020B6E7504DAD
:10C3C000F8E7AB68002BECD0414620469847E8E7F9
:10C3D000002DF2D000222B7F9A42EED2296AA0785B
:10C3E00001EBC2010B79984201D00132F3E701273A
:10C3F000E07800F003008DF81400207994F805C06F
:10C4000040EA0C20ADF8120094F902000028FBB2BB
:10C4100028DA07F110004FF0010C0CFA00F010EAD6
:10C420000A0F26D143F080008DF8100004A8CDE952
:10C430000213019210F0D8FBDDE90121039BC0B982
:10C440009DF81020A27012F0800F18BF10330A71EF
:10C4500018BFDBB24FF0010214BF9A40BA404AEA5B
:10C46000020A96E70120B84010EA0A0F01D11846E7
:10C47000DAE70137102FBBD1B7E7032E1DD1FFF745
:10C4800007FF074668B1FEF76DFA102809D1384654
:10C49000A31C07F1100250F8041B43F8041B904240
:10C4A000F9D123786FF00201E218091B04EB530362
:10C4B000D14213D50136F6B26BE7002EF1D1B9F1B6
:10C4C000000F3FF47AAFA4EB090389F80230C3F3FD
:10C4D000072389F8033089F80480EBE702F801BCF0
:10C4E00013F8010902F8020DE2E7A14651E700BF87
:10C4F000CC330020E003002083040020A8040020A7
:10C500008404002010B5094B00211A461C7884428F
:10C5100004D15C6814B102EB811010BD0131042913
:10C5200003F14003F2D10020F7E700BFFC15002023
:10C530002DE9F34150F8283C10F82C6C10330446D8
:10C540000AD1036950F8202C980736D5D2B959077B
:10C5500015D5002344F8283C54F8283C10330BD060
:10C5600054E9077554F8148C11F097FA00284FD04D
:10C570002E48214611F075FA02B0BDE8F08143F073
:10C580000403236154F8241C01AB304610F020F959
:10C5900010B16FF01503DDE7019A54F8243C134401
:10C5A00044F8243C54F8203C9B1A44F8203C54F8AE
:10C5B0001C3C134444F81C3CCEE754F8241C01AB4B
:10C5C000304601F09FFD0028E3D1019D54F8243C42
:10C5D0002B4444F8243C54F8203C5B1B44F8203C9A
:10C5E00054F81C3C2B4444F81C3C002DB1D0304680
:10C5F00001F02CFEB5FBF0F303FB1055002DA8D184
:10C6000054F8203C002BA4D0304601F0C3FDA3E732
:10C6100044F8180CA4F110000BF07CFA002DABD0FC
:10C62000424639463046A847A6E700BF38100020EA
:10C630004B1E012B73B506460D460FD8FFF762FF60
:10C64000044668B9012D09D101AB01220DF10301A6
:10C65000304601F057FD019B002BF5D102B070BDB3
:10C6600011F01BFA04F12C0108B1012D05D1084687
:10C6700002B0BDE87040FFF75BBF034802B0BDE801
:10C68000704011F0EEB900BF381000202DE9F74FCF
:10C69000064601911546984610F0E5F80446002834
:10C6A0005BD1EFF3118A402383F31288BFF36F8FBE
:10C6B000DFF8ACB00022002358460BF04FFA70B9F7
:10C6C000DFF8A090A70109EB8414636813F1100F41
:10C6D00014D1019358460BF01DFA019B06E001347A
:10C6E000042C0BF1400BE5D16FF00B038AF311889A
:10C6F000BFF36F8F184603B0BDE8F08F019B206138
:10C70000C4E902350C9B63610D9BA36130466FF059
:10C710000F0309F80760C4F83C80636001F096FDE0
:10C7200058B1304601F092FDB5FBF0F303FB105514
:10C730001DB1E36B43F00403E36318F0020F07D06D
:10C7400007F12C010848494411F08BF90023CDE78B
:10C75000304601F01FFD0346C8E76FF00F03C9E73D
:10C7600018160020FC1500203810002010B5EFF33B
:10C770001184402383F31288BFF36F8FFFF7C2FE4B
:10C7800050B14368103307D16FF08B03436000F161
:10C790002C01044811F065F984F31188BFF36F8F01
:10C7A00010BD00BF38100020F8B50E4C04254027FE
:10C7B000EFF3118687F31288BFF36F8F636810332E
:10C7C00007D16FF08B030848636004F12C0111F06E
:10C7D00048F986F31188BFF36F8F013D04F14004DF
:10C7E000E6D1F8BDFC1500203810002070B50A4CC9
:10C7F0000A4E00253146204611F017F90122A4F116
:10C8000010001146013511F0D4F8042D04F1400454
:10C81000F0D1002070BD00BF2816002031C50200F5
:10C8200070B504460E460179154815460FF0F7FF1E
:10C8300010B394F900206378002A16DB202B04D073
:10C84000222B0ED06FF085000AE02B681A6840F8A2
:10C85000102C9A8820F80C2C9B7900F80A3C0020B8
:10C8600070BD638800F8093CF9E7212BEAD1103844
:10C87000072328603360F2E76FF01200F0E700BF93
:10C88000FC16002008B5014603480FF0D6FF10B192
:10C89000012300F8073C08BDFC16002001690123B4
:10C8A00081F84B300B6833B191F849301BB1024825
:10C8B000083111F0D6B87047381000200169012303
:10C8C00081F84A300B6833B191F848301BB1024807
:10C8D000083111F0C6B870473810002070B5012338
:10C8E00082F8483013680D4614463BB192F84A303E
:10C8F00023B10E4802F1080111F0B3F8D4F89030DA
:10C900009A681B699A4205D17DB904F1180140F675
:10C91000CD4204E004F11801002DF8D00022BDE85A
:10C920007040024800230BF079BA70BD3810002027
:10C9300038B5056995F89E0088B195F89F307BB9A8
:10C9400085F84830D5F890000FF0BFFE002204466D
:10C950000023044805F118010BF060FA204638BDA9
:10C960000020FCE7381000200D4A03460021A0F803
:10C9700048101068C3F8940090889279A3F8980042
:10C9800083F89A2083F89C1083F89B10A3F89E10DC
:10C9900083F8A010402203F14C0011F086BA00BFCA
:10C9A0008CE60300F0B5D0F88C305B681B6A1F7D05
:10C9B00085B0044638460FF056FF0646F8B994F89D
:10C9C0008630E3B1A06F4FF4806203A90FF09CFEA4
:10C9D0000546A0B18306A4F1180308BF00F1FF3596
:10C9E00084F830600193074B039900932A46022391
:10C9F0003846FFF74BFEA06F29460FF0A5FE05B0A5
:10CA0000F0BD00BFDDC8020010B504690023C4F802
:10CA1000A8300C4BC4F8A400596804F1A80269B905
:10CA2000C3E9002204F10800074910F0FEFF04F1F9
:10CA30001800064911F025F8002010BD0A605A6060
:10CA4000F0E700BFFC16002091C80300A5C9020052
:10CA500013B504698DF80710002384F84830D4F822
:10CA6000900001220DF107010FF02FFE10B911F017
:10CA700014F840B12122002304F1180106480BF0FC
:10CA8000CDF902B010BD94F8A130002BF2D00021F6
:10CA900021200BF0DBFCE2E73810002037B514460C
:10CAA0000A1E054620DDD4F88C0004F14C010FF07D
:10CAB0000CFE012384F8493023683BB194F84B30D5
:10CAC00023B1114804F1080110F0CBFFD4F88C1009
:10CAD0004B684A699A1ACB699B1A3F2B04D80123E9
:10CAE00084F8A03003B030BD94F89E30002BF9D00C
:10CAF000064B009301940123402204F14C01284687
:10CB0000FFF7C4FDEEE700BF381000209DCA020009
:10CB1000F7B50D4601461D480FF075FE044610B3EB
:10CB20000646691E56F8A4395F6805291BD8DFE858
:10CB300001F01C1A031C222610F8061C99B90123C7
:10CB400000F8063C3B6A3246187BFFF7A7FF14F853
:10CB50005C2C42B93B6A187D0D4B00930196022371
:10CB60001146FFF793FD03B0F0BD304603B0BDE8BA
:10CB7000F040FFF7F9BE012304F8053CF3E710F895
:10CB8000053C002BEFD00023F6E700BFFC16002089
:10CB9000DDC8020037B5094D0949002400944FF063
:10CBA000FF334FF4806228460BF0FAF80549284617
:10CBB00010F079FF204603B030BD00BF38100020D0
:10CBC0004034002091EA030008B504480FF0EAFB66
:10CBD000BDE8084002480FF0E5BB00BF9AEA030039
:10CBE000CFEA030001480CF00DBE00BFECE60300E5
:10CBF00038B5044618B90F4B0F485B689847616811
:10CC0000B1F5683F10D0B1F5680F0DD00B4DA942BA
:10CC10000AD011F46861206807D00146084810F076
:10CC200011FE00232360656038BD142211F03DF928
:10CC3000F9E700BF78020020FDEA03002C5F5CA941
:10CC4000041C002008B520B34368B3F5683F10D139
:10CC500001220368BFF35B8F53E8001F002903D153
:10CC600043E800200028F7D1BFF35B8F0DD10020EF
:10CC700008BD094A93420AD000684FF0FF324FF0D6
:10CC8000FF330AF061FE0028F1D00448F0E70448C1
:10CC9000EEE76FF4E040EBE72C5F5CA9E98FFFFF64
:10CCA000EA8FFFFF08B5D8B14368B3F5683F10D1EC
:10CCB00000220368BFF35B8F53E8001F012903D1F3
:10CCC00043E800200028F7D1BFF35B8F0BD1002091
:10CCD00008BD074A934208D000680AF0ADFEF6E7A7
:10CCE0006FF4E040F4E70348F2E70348F0E700BFE1
:10CCF0002C5F5CA9E98FFFFFEA8FFFFF10B50446A8
:10CD000018B91D4B1D485B6898476368B3F5683FC9
:10CD10002FD0B3F5680F2CD0194A934219D123684C
:10CD200003BB18484FF0FF324FF0FF3321460AF0A3
:10CD3000DDFD08B923681BB90F4B13485B689847A2
:10CD400020681422002111F0B0F84FF4686363608A
:10CD500008E0B3F5683F0DD83A2B03D040F6BA622D
:10CD60009342DED1206810F0A5FD636843F03A03DA
:10CD7000636010BD054AF3E778020020FDEA030076
:10CD80002C5F5CA9041C002023EB03003A00003A4E
:10CD900008B5064906484023142210F045FDBDE8B9
:10CDA0000840044904480CF0F1BD00BF04170020FE
:10CDB000041C0020F4E6030008E7030030BFFFF77F
:10CDC000FDBF00BF074A936893F90E10002907DBE7
:10CDD000526993421FBF044A536843F08053536023
:10CDE000704700BF5828002000ED00E070B5264BCA
:10CDF00015469A6A12F0100F9A6A14BF1124102473
:10CE000012F0080F9A6A18BF1224920706460AD534
:10CE1000586B9A6A140634D519B19A6A22F08002C6
:10CE20009A62132401E06FF01500174B9A6A12F012
:10CE3000010F9A6A18BF142412F0200F9A6A18BFC3
:10CE40001524D20602D49B6A9B070AD50E4B5B6859
:10CE5000190506D5314600F087FA10B180F309882C
:10CE60000224094B9A6A920642BF5A6A22F400527F
:10CE70005A629A6A42F0FF029A6200232B7020469F
:10CE800070BD6FF01500CCE700ED00E0134B9A6A1F
:10CE900012F0007F9A6A14BF1E201D2012F0807FBE
:10CEA0009A6A18BF1F2012F4002F9A6A18BF212017
:10CEB00012F4802F9A6A18BF222012F4003F9A6A57
:10CEC00018BF232012F4803F9A6A6FEA02426FEA89
:10CED00012429A6218BF2420704700BF00ED00E0A4
:10CEE00010B5194B0246986A9C6A10F4805F14BF13
:10CEF0001720162014F4006F9C6A18BF1820A40590
:10CF000009D5986B986A000404D51AB19A6A22F47C
:10CF100000429A6219200C4B9A6A12F4806F9A6A46
:10CF200018BF1A20D2050CD49B6A13F4005F18BFF7
:10CF30001C20054A936A43F47F43936200230B70DD
:10CF400010BD1B20F5E700BF00ED00E0F0B5484B39
:10CF50005B688BB00446C3F30803002585F3118892
:10CF6000BFF36F8F02F07F40B0F17F4F11D102F01D
:10CF70000C0008280DD010074CBF0C4601250022DC
:10CF8000033B8DF80720032B05D8DFE803F024636B
:10CF900067602C46F3E700239DF80720CAB902AE6C
:10CFA00004F1200720686168324603C20834BC429D
:10CFB0001646F7D1099A002D54D0C2F3080121B9C1
:10CFC0006FEA52226FEA4222099202A918460FF034
:10CFD000A0FD0BB0F0BD264BDA6A9107DBD4DA6A0C
:10CFE000002AD8DBDA6A5200D5D55A69A16942F421
:10CFF00080725A61BFF34F8FBFF36F8F5A6931F858
:10D00000021C22F480725A61BFF34F8FBFF36F8FFF
:10D010004DF6027291420AD09A6AD2B24AB10DF12B
:10D02000070201212046FFF7E1FE0346B4E723682B
:10D03000B2E79A6A12F47F4F05D00DF10701012083
:10D04000FFF74EFFF1E79B6AB3F5803FA3D3FFF7ED
:10D050001DFFEAE70DF107020021E3E70DF10701EB
:10D060000020EDE722F4FF7222F00102ACE700BFDE
:10D0700000ED00E0024A536943F01003536170472A
:10D0800000ED00E0EFF30880EFF3098101B572468F
:10D09000FFF75CFF01BD00BF002080F31488BFF3E1
:10D0A0006F8F09F00BFD00200D490860BFF34F8F13
:10D0B0000C4880F3088800F02BF8402080F311889A
:10D0C00009484FF40461401880F30988EFF3148095
:10D0D0000221084380F31488BFF36F8F00F00CF92E
:10D0E00094ED00E0005F0020404500200749D1F8A2
:10D0F00090200023C2F307221846934200DB7047BA
:10D10000C1F89830C1F8A0000133F6E700ED00E067
:10D1100008B572B6002383F31388FFF7E7FF144BBB
:10D120004FF0FF32C3F88020C3F88420C3F8882072
:10D13000C3F88C20C3F89020C3F89420C3F898203B
:10D14000C3F89C20C3F88021C3F88421C3F8882148
:10D15000C3F88C21C3F89021C3F89421C3F8982117
:10D16000C3F89C2162B6BFF34F8FBFF36F8F08BD2A
:10D1700000E100E0084B9B6883420BD1EFF305838D
:10D1800043B1064B5A6842F080525A605A6A22F400
:10D1900000425A6210F056BD5828002000ED00E011
:10D1A000094A93686FF00A019967084958674B6804
:10D1B00043F080534B60002383F31188BFF36F8FDC
:10D1C0009368986F704700BF5828002000ED00E07A
:10D1D00010B50446EFF31183402383F31288BFF3A5
:10D1E0006F8F094B58699860084B4FF000625A6086
:10D1F0000022436F426783F31188BFF36F8F00F003
:10D2000017F9204610BD00BF5828002000ED00E0AF
:10D210000B498A684FF030001044EFF3098C80E826
:10D22000F01F74467046FFF7D3FFA64604498A688C
:10D2300002F1300090E8F01F8CF30988704700007D
:10D24000582800201EF0040F0CBFEFF30880EFF306
:10D250000980816911F8021C0229FFD001B50FF085
:10D260005EFC01BD40B2002807DB044A41090123EE
:10D2700000F01F00834042F82130704700E100E0D9
:10D2800040B200280CDB4309064900F01F002033A0
:10D290000122824041F82320BFF34F8FBFF36F8FED
:10D2A000704700BF00E100E0054B420900F01F009D
:10D2B00053F82220012303FA00F01040704700BF0A
:10D2C00000E100E040B2D30754BF02310021002842
:10D2D000ACBF00F16040074A4FEA4113ACBF00F514
:10D2E000614000F00F00DBB2B4BF135480F800338C
:10D2F000704700BF14ED00E00B4A08B50B4B22F05D
:10D300007F029A60BFF34F8FBFF36F8FD3F88820EF
:10D3100022F47002C3F888200AF022FA0BF070F9A8
:10D3200000F05CF80AF060FA0070020000ED00E026
:10D3300042F8203C009B42F81C3C0A49019B42F801
:10D34000183C029B42F8143C21F001014FF080731D
:10D3500042F8043C42F8081C0023203A0265436767
:10D36000704700BFBFC30300094A0346906870B10D
:10D3700013F1160F406E05D0A0F140029A4205D875
:10D38000834203D2814228BF0020704700207047AB
:10D390005828002008B50B4B0E461546986000F043
:10D3A00047F82C4686F309884FF00000064B984753
:10D3B00020464FF000014FF000024FF00003034CF5
:10D3C000204700BF582800203DCB0300BFC3030007
:10D3D000014B10221A61704700ED00E00448002361
:10D3E0004021C2180133302B82F80013F9D1704765
:10D3F00000E100E008B5EFF30583064A103B02EBBD
:10D40000C30152F8330049688847BDE80840FFF778
:10D41000D9BC00BFE0E30300024B034A03480121EB
:10D4200000F076B8000004200000002018E7030098
:10D43000426E054B403A1A60044A4021C3E901128A
:10D440001846012100F06EB8201C002000000B15CA
:10D45000084AC2F898000B6823F01F03034343F007
:10D460001003C2F89C308B6843F00103C2F8A0306F
:10D47000704700BF00ED00E02DE9F043DFF8608069
:10D4800085B00E461F4604464FF00009B14523DA29
:10D490006068D8B13FB1411E08421BD11F2819D97D
:10D4A0002368194216D1236801930FF06AFBA36821
:10D4B00003430393D8F89050C5F30725D0B2013D3C
:10D4C000A84207D801A9FFF7C3FF421C09F10109CF
:10D4D0000C34DBE76FF01502104605B0BDE8F083B1
:10D4E00000ED00E0044B0522C3F89420BFF34F8FFA
:10D4F000BFF36F8F704700BF00ED00E0BFF35F8F99
:10D50000024B0022C3F89420704700BF00ED00E0FA
:10D5100010B5034C01232278FFF7AEFF207010BD39
:10D52000DF33002008B50B4A00231278FFF7A4FF71
:10D5300010F1160F07D0084A0021D2F89030C3F33B
:10D540000723984200DB08BDC2F89800C2F8A0107B
:10D550000130F2E7DF33002000ED00E02DE9F04379
:10D56000534B544CD3F890302568C3F307239D42A6
:10D5700085B000F29A80FFF7C1FF00200C2685429B
:10D580001AD14D4C4D4F25706846FEF735FADFF83D
:10D590002081DFF82C9106460025AE4213D1237876
:10D5A00043490020D1F89020C2F30722934276DB52
:10D5B000FFF798FF002042E0616806FB0011FFF7CB
:10D5C00047FF0130DBE7009800EB05114FEA051C2F
:10D5D000CB683B40B3F5000F48D00AD8B3F5001F25
:10D5E00030D0B3F5800F36D0B3F5801F10D00135A1
:10D5F000D3E7B3F1807F42D0B3F1007FF7D150F889
:10D600000C3088684A680FF0BCFA40F4802009E0CA
:10D6100050F80C3088684A680FF0B3FA40F0885030
:10D6200040F43020CDE901230390D8F890302078E1
:10D63000C3F30723013B98422AD96FF0150005B0C8
:10D64000BDE8F08350F80C3088684A680FF099FA0A
:10D6500040EA0900E6E750F80C3088684A680FF0A5
:10D6600090FA40F0E06040F40030DBE750F80C3016
:10D6700088684A680FF085FA40F08270D2E750F867
:10D680000C3088684A680FF07CFA40F08870C9E76F
:10D6900001A9FFF7DDFE237801332370A7E7C1F866
:10D6A0009830C1F8A00001337CE74FF0FF30C6E7A7
:10D6B00000ED00E024E70300DF3300200000F0FF6E
:10D6C0000000081110B5074C2368C2180648C0F1C5
:10D6D000005101F580218A423ABF2260C0184FF004
:10D6E000FF3010BD2C1C0020007600200E4A0123C4
:10D6F000C2F840354FF080424FF08051C2F8783583
:10D70000D1F83001082808D1D1F83411052904D8FE
:10D710000648415C09B1C2F838364FF08043012217
:10D72000C3F880250020704700E001405FEB030054
:10D7300020B1034B800143F001031847704700BF3D
:10D74000A0E60300020600F07F0312D5082B05D1E6
:10D75000010700F00F0306D50E48704710F0780F50
:10D7600012D100F00F034C2000EB43100A4B184479
:10D770007047082B05D1020700F00F0306D50748B4
:10D78000704710F0780FF6D000207047044800EB87
:10D79000431070477C1D0020301C00209C1E002080
:10D7A0009C1D00200149024810F05BB9581C002064
:10D7B000D81000200146014810F0F0B8D003002036
:10D7C0000248002200230AF073B900BFD0030020F2
:10D7D00013B5124800F0B6FE114B98421AD1114809
:10D7E00009F084FE0024104809F0C6FE0F491048D5
:10D7F00000944FF0FF334FF480620AF0D1FA0D49E4
:10D800000B4810F050F90C480C4910F00EF9204666
:10D8100002B010BD6FF00400FAE700BF25DA020085
:10D820000000AD0B73EB030044E7030080380020D9
:10D83000D810002065EB0300581C002041DB0200DB
:10D8400010B50E49BFF35B8F002351E8002F012A6A
:10D8500003D141E800300028F7D1BFF35B8F0CD132
:10D8600051F8044C143920460EF0C2FE783004D131
:10D870002046BDE810400EF097BE10BD501C0020A1
:10D8800038B5002464F07F00C0B2FFF75BFF0134BD
:10D890000FF093F9082CF5D10E4D0024E0B2FFF7FC
:10D8A00051FF036903B9056101340FF086F9082CB3
:10D8B00005F14005F2D108480FF07FF9074BD3F886
:10D8C0007C2212B9064AC3F87C2206480FF075F98B
:10D8D000002038BDC02200207C1D0020301C00200C
:10D8E000C01E00209C1E002010B5054CFFF768FFED
:10D8F00020B1416820460FF0A5FFF7E710BD00BF3B
:10D900000403002007B500230E48002201A909F0F6
:10D91000EDFF90B1FFF7E8FF0A480022002301A9BC
:10D9200009F0E4FF38B90198042340600374FFF75D
:10D9300041FFFFF737FF002001E00198406003B08E
:10D940005DF804FB04030020022810B511D8094B30
:10D950001C5CFFF7D7FF60B1002202740472FFF76E
:10D9600029FF054B93F824301BB1BDE81040FFF7A9
:10D9700019BF10BD70EB0300301C0020F8B587788C
:10D9800006463846FFF7DEFE3B06F578044612D51C
:10D99000002D43D1FFF7B6FF034600283ED00122F9
:10D9A000A5770274032202739C60FFF703FFBDE8B2
:10D9B000F840FFF7F7BE4DB1012D2FD1FFF7A2FFC1
:10D9C000034658B3657705740573EDE7FFF79AFFD3
:10D9D00020B3B278124B12F0800F02F0080111D080
:10D9E00041B1D3F8A836E360012303740223037323
:10D9F0008460DAE702F00F02142101FB0233D3F84E
:10DA00000836F0E711B1D3F8A837ECE702F00F02BF
:10DA1000142101FB0233D3F80837E4E7F8BD00BF57
:10DA200000700240F0B5064689B01422002103A818
:10DA300010F03BFA3378013B052B21D8DFE803F0E7
:10DA40007A0314146A1603238DF814300024FFF7A8
:10DA500059FF0346A0B1047400F10802DDE9050195
:10DA600082E8030018461DE00423EDE7B778384646
:10DA7000FFF768FE837A044623B1013B022B43D9AA
:10DA800009B0F0BD3B06F57813D5002DF8D1FFF7AE
:10DA900039FF03460028F3D00122A5770274032240
:10DAA00002739C60FFF786FE09B0BDE8F040FFF707
:10DAB00079BE55B1012DE3D1FFF724FF03460028BD
:10DAC000DED0657705740573EBE7FFF71BFF0746AC
:10DAD0000028D5D00123037402230373846004F16A
:10DAE0000C01B0780FF0CAF8134AE168B2F88C3232
:10DAF0008B4206D95B1AA2F88C3201F073F83846D3
:10DB0000D0E7A2F88C52FAE7304609B0BDE8F04001
:10DB1000FFF734BF01A801F043F89DF80530052B4D
:10DB200004D19DF8043013F0600FA9D0034B059386
:10DB300001248CE702248AE7301C00209C1D002071
:10DB40002DE9F043A64CDFF89C9285B08046FFF7A4
:10DB500037FE074610B905B0BDE8F08394F82530CC
:10DB60003A7C3BB9002A00F0868079689D480FF026
:10DB700069FEECE7042A42D8DFE812F07D000500D8
:10DB80000001160140013B7BBD68032B37D8DFE85D
:10DB900003F0023D5A5F6E69934B0022326072605F
:10DBA000D3F880143170D3F884147170D3F88814CA
:10DBB000D3F88C0441EA00217180D3F89014D3F893
:10DBC000940441EA0021B180D3F89814D3F89C342E
:10DBD00041EA0323F3800823EB6030687168834BCC
:10DBE00003C311462B68687A984796F90030002BDA
:10DBF00008DBF38833B1A4F88C3200F0F3FF7968C6
:10DC00004846B4E70023A4F88C32F8E76B7F002B7A
:10DC1000F5D02B7F002BF2D000266E774FF0FF322D
:10DC200073482E774FF0FF330EF0DAFF6B690193E4
:10DC30006B68CDE9023601A9687A00F0D9FC6C481E
:10DC40000EF0D0FFDBE72B680121687A9847D6E712
:10DC5000AB7A6BB9EB7F5BB965484FF0FF324FF0A1
:10DC6000FF330EF0BDFF00F0C3FF61480EF0BAFFB6
:10DC70002B680221E9E73A7A042AC0D8DFE802F0EB
:10DC800059032367730000F02BFC05460028B6D12A
:10DC900000F066FBBFF35B8F5649012351E8002F6C
:10DCA000002A03D141E800300028F7D1BFF35B8F91
:10DCB000A5D141F8085C41F8105CE0696361143952
:10DCC0000EF01BFC9BE7002565F07F00C0B2FFF75C
:10DCD00039FD037A13B1407A01F0EEF80135082DD1
:10DCE000F2D194F854311BB194F8550101F0E4F8E5
:10DCF0000025E8B2FFF726FD037A13B1407A01F060
:10DD0000DBF80135082DF4D194F874321BB194F886
:10DD1000750201F0D1F8002000F0C6FB012384F861
:10DD200025302368002B3FF46AAF0021022098477A
:10DD300065E7002584F8255001F024F8FFF780FD01
:10DD40002368002B3FF45BAF29460420EFE7002B4C
:10DD50003FF455AF00F0CEFB2368002B3FF44FAFEC
:10DD600000210520E3E72268002A3FF448AF002B9A
:10DD70003FF445AF00210620904740E708F1100529
:10DD80004FF0FF334FF0FF3228460EF029FFFFF728
:10DD900077FD28460EF026FF58F8283C002B3FF46C
:10DDA0002EAF00210120C2E794F874327BB1012527
:10DDB00084F8895284F88852FFF7A4FD38B10E4ADE
:10DDC000057405738260FFF7F5FCFFF7EBFC58F86C
:10DDD000283C002B3FF413AF00210A20A7E700BF27
:10DDE000301C00200403002000700240341C00207E
:10DDF000681C0020501C00209C1E00200FF0B9FC65
:10DE000000F0C0FF00F0A2FAFFF76EFDFFF738FD4B
:10DE10000FF0A8FC014800F095FBF0E625DA0200BF
:10DE200038B5164D95F824402CBB05F138000FF09D
:10DE300041FD204601F092F922460121E8612720A8
:10DE4000FFF740FA0FF08EFCFFF71AFD044610B9F9
:10DE5000012385F824300A4B1B680BB1FFF7A2FCA5
:10DE60004FF08043D3F83834DB0702D50020FFF7AA
:10DE70006BFD204638BD0024FBE700BF301C0020AE
:10DE8000D0030020074B93F824203AB193F82530B3
:10DE9000002B14BF00206FF0120070476FF01200CB
:10DEA000704700BF301C002038B5104B93F8243069
:10DEB0000446C3B105782846FFF744FC10B96FF05B
:10DEC000150038BD457223798372638843602078DA
:10DED000618810F0080F02D14B1E0B42EFD10EF0FB
:10DEE000C8FE0020EDE76FF01200EAE7301C0020CA
:10DEF00038B5124B93F824200546CAB193F8253063
:10DF0000B3B1FFF71FFC0446A8B1837A012B12D0EE
:10DF100007D9023B012B07D96369A3610020E060A8
:10DF200038BD00F06BFEF7E7284600F00DFEF3E782
:10DF30006FF01200F4E76FF01500F1E7301C0020DD
:10DF400038B50E4B93F82420054682B193F825305E
:10DF50006BB1FFF7F7FB68B115F008040AD128464A
:10DF600000F014FE284600F0DFFF204638BD6FF0B9
:10DF70001200FBE76FF01500F8E700BF301C00202F
:10DF800038B50C4B93F8242005460C4662B193F843
:10DF900025304BB1FFF7D6FB48B144B1284600F01D
:10DFA000DBFD2070002038BD6FF01200FBE76FF042
:10DFB0001500F8E7301C002070B5134E96F8243099
:10DFC0000446C3B1FFF7BEFB0546B8B1230705D42D
:10DFD000204600F0DBFD204600F0A6FF2B7A83B937
:10DFE00001232B7296F825300BB9002070BD204616
:10DFF00000F062FFF9E76FF01200F7E76FF015002D
:10E00000F4E76FF07700F1E7301C00202DE9F043D2
:10E01000DFF8E4801E4698F8243085B0074689462C
:10E020001546002B61D098F82530002B5DD00306F3
:10E030005ED5FFF787FB0446002859D0037A002BF2
:10E0400056D04FF0FF334FF0FF3208F138000EF09A
:10E05000C7FDA37F4BB108F138000EF0C3FD6FF090
:10E060000A04204605B0BDE8F083A37AC5B13BB3EE
:10E070000123A3774FF0000801A93846CDE90195A7
:10E08000CDF80C8000F0B4FA1C4B984229D084F8EB
:10E090001E801EBB6FF0040419480EF0A3FDE0E7DC
:10E0A000E27F02B1E577002BE2D100F0ADFDB8428E
:10E0B000DED000F09DFD12480EF094FD0024D0E764
:10E0C000B8F80A30AB42F0D96268B5FBF2F302FB54
:10E0D0001353002BE9D10123E377E6E7C6F800806C
:10E0E000D8E706B135600024D6E76FF01204B8E730
:10E0F0006FF01504B5E700BF301C00200000AD0B29
:10E10000681C00202DE9F0411D46204B174693F86E
:10E1100024200E46002A33D093F8253083B303061B
:10E1200031D401B97FBBFFF70DFB044658B3037A26
:10E130004BB34FF0FF3316484FF0FF320EF050FD57
:10E14000E3689F42B84628BF984646B93FB905B133
:10E150002B600F480EF046FD0020BDE8F081A1695C
:10E16000424630460FF093FEA3694344A361E3683F
:10E17000A3EB0803E360002DEBD0C5F80080E8E7CF
:10E180006FF01200E9E76FF01500E6E7301C0020A1
:10E19000681C002070B51E4D95F82420034682B3FC
:10E1A00095F825206AB31B062ED4FFF7CBFA044658
:10E1B00050B3037A43B34FF0FF334FF0FF3205F112
:10E1C00038000EF00DFDE368B3B9012663692677C8
:10E1D000A361637F83B1FFF795FB30B905F1380088
:10E1E0000EF000FD6FF00B0070BD067484600673C6
:10E1F000FFF7E0FAFFF7D6FA06480EF0F3FC00202E
:10E20000F2E76FF01200EFE76FF01500ECE700BFE8
:10E21000301C0020681C002010B5084B93F82430F7
:10E220000C462BB1FFF78EFA28B10460002010BD18
:10E230006FF01200FBE76FF01500F8E7301C0020CC
:10E24000014B1860704700BF301C002008B5074B19
:10E2500093F8243023B1FFF775FA20B1406808BD68
:10E260006FF01200FBE76FF01500F8E7301C00209C
:10E270004FF08053D3F83021082A06D1D3F8343137
:10E28000052B04D8034AD05C70470020704701205A
:10E29000704700BF74EB0300064B10F0800FA3F132
:10E2A000D80208BF134600F00F00182202FB00300E
:10E2B000704700BFD8250020EFF31180402383F37F
:10E2C0001288BFF36F8F0A4BD3F8001C032261B989
:10E2D00049F27531C3F8001CC3F8142DC3F8001CB3
:10E2E00080F31188BFF36F8F7047C3F8142DF7E7E1
:10E2F00000E00640EFF31180402383F31288BFF360
:10E300006F8F0A4BD3F8001C61B949F27532C3F81C
:10E31000002CC3F8141DC3F8002C80F31188BFF340
:10E320006F8F70470022C3F8142DF6E700E0064017
:10E330004FF08053D3F83031082B02BF024B00223C
:10E34000C3F81C2C704700BF00700240024A002333
:10E350001360024A13707047B8260020E43300208F
:10E3600008B54A4B4FF40062C3F80024FFF780FF62
:10E3700008B1FFF7A1FF4FF08053D3F83031082BDD
:10E3800018D1EFF31180402383F31288BFF36F8F0E
:10E390003F4BD3F8001CC02200296ED149F27531E1
:10E3A000C3F8001CC3F8142CC3F8001C80F31188B8
:10E3B000BFF36F8F354B0122C3F80025D3F800243B
:10E3C0001205FBD54FF40062C3F800244FF08053D0
:10E3D000D3F83031082B17D1EFF31180402383F3AA
:10E3E0001288BFF36F8F2A4BD3F8001C002947D146
:10E3F00049F27532C3F8002CC3F8141CC3F8002C82
:10E4000080F31188BFF36F8FFFF732FF30B1FFF752
:10E4100071FFFFF72DFF08B1FFF74EFF4FF080535C
:10E42000D3F83031082B194B0AD140F2E372C3F80C
:10E4300000284022C3F80428BFF36F8FBFF34F8F2B
:10E440008022C3F81C250122C3F83025114B40F26D
:10E45000FF121A60104B00211960104B1970FFF762
:10E4600067FF0F4B19700F4B02221A70FFF700FF66
:10E4700050B1BDE80840FFF73DBFC3F8142C95E745
:10E480000022C3F8142CBBE708BD00BF0070024097
:10E4900000E00640B4260020B0260020E033002033
:10E4A000E2330020E4330020094B002210B51A703B
:10E4B000084A094B094C002808BF1346C4F800332A
:10E4C0002720FEF7CFFE0123C4F8043510BD00BF9E
:10E4D000E3330020FDFFDF01FDFFFF01007002407C
:10E4E000034B1878012894BF00200120704700BF1B
:10E4F000E433002010B5EFF31181402383F3128839
:10E50000BFF36F8F0D4B1B7803F0FF0083B10C4BF3
:10E51000D3F8002412F400720AD10124C3F82C4568
:10E52000D3F82C45D3F80044A40502D5C3F82C2514
:10E53000002081F31188BFF36F8F10BDE3330020FB
:10E5400000700240F8B51C4B1C7894BB1B4A10604D
:10E5500001221A7040F2FF17264664F07F0514F07E
:10E56000080FEDB214BF3946402128460EF081FB5A
:10E570002846FFF791FE0134092C86750673066163
:10E58000EBD1002440F2FF17254614F0080FE6B245
:10E5900014BF3946402130460EF06BFB3046FFF782
:10E5A0007BFE0134092C857505730561EDD10448A6
:10E5B000F8BD0448FCE700BFE4330020B826002083
:10E5C0000000AD0B0500AD0B084B10F0800F00F004
:10E5D0000F0114BFD3F81025D3F8142501238B4065
:10E5E000134214BF01200020704700BF007002409A
:10E5F0002DE9F8430246EFF31187402383F3128895
:10E60000BFF36F8F030703D1184B1B78834229D1C7
:10E61000174B184E1C68356810460EF022FBE44379
:10E62000A4B24FF001092C4309FA00F814EA0804D7
:10E630001AD11046FFF730FE80F80C90034607C948
:10E640001C6183E807009C750B4B0C4845EA0805E4
:10E6500080223560C3F8042187F31188BFF36F8FE0
:10E66000BDE8F8830648F7E70648F5E7E2330020FF
:10E67000B4260020B026002000E100E00000AD0B31
:10E680000A00AD0B0B00AD0B10F0080F074B06D0C6
:10E69000D3F8C00410F4803F18BF0020704700F08A
:10E6A0000F0000F5947053F820007047007002408E
:10E6B0002DE9F74FA84BD3F8604134B10022C3F8DD
:10E6C0006021D3F86C44C3F86C44D3F828214AB1D4
:10E6D0000022C3F82821A14B18780EF0C2FA0123BA
:10E6E00083401C439E4F9F4E3D7897F9008015F064
:10E6F000080143D1B8F1000F05F00F032EDA9A4A52
:10E7000052F8230020B342F823101422534303F19C
:10E71000804303F51C33D3F80836944A117803F08C
:10E7200001034B401370FFF703FE914809F0F2F923
:10E730002846FFF7B1FD837D032B37D128460EF025
:10E7400090FA012303FA00F0336823EA00033360F0
:10E75000DFF82092DFF8208201255FE0874A52F837
:10E7600023000028F4D042F823101422534303F16D
:10E77000804303F51C33D3F80837CEE7B8F1000F18
:10E78000754B09DBD3F85021002AE1D00022C3F8F1
:10E790005021D3F8A837C0E7D3F82C21002AD7D0CE
:10E7A0000022C3F82C21D3F8A836B6E7037BDBB9E7
:10E7B00028460EF056FA012303FA00F03368B8F148
:10E7C000000F23EA0003336001DA882DC0D106234D
:10E7D0008DF8043000238DF80730674B8DF8065014
:10E7E0001B6801A89847B3E7002DB1D15A4B01220D
:10E7F000DA64ADE794FAA4F0D9F80020B0FA80F01A
:10E8000005FA00F31A430F28C9F8002024EA03048C
:10E81000326840F3B780134200F0C580002CE9D184
:10E820004D4BD3F800215AB1C3F80041544B1C7032
:10E830004A4B1C70012301934F4B01A81B6898475A
:10E84000454BD3F85421EAB10022C3F85421D3F840
:10E850000413890216D58DF80420D3F82025ADF8CD
:10E860000620D3F8C034002BD9F8003014BF4FF085
:10E8700001224FF480721343C9F800303E4B01A8C7
:10E880001B689847344BD3F85821002A2ED0002219
:10E89000C3F85821D3F80044C3F80044E30508D571
:10E8A000374B01221A7002230193334B01A81B68D6
:10E8B0009847A50508D5324B00221A70032301930F
:10E8C0002D4B01A81B68984760050FD52C4B1A7873
:10E8D00062B100221A70204B0122C3F808259A6504
:10E8E00004230193244B01A81B6898471A4BD3F8C3
:10E8F0005C310BB31E4B9B6813B93B7859061BD098
:10E90000154B0022C3F85C21D3F88034134A23F05E
:10E910007F031370336823F001133360D9F800309C
:10E9200023F4803343F00103C9F800300523019339
:10E93000114B01A81B6898473268D9F800301A4279
:10E9400007D00B480022002309F008F9002800F046
:10E950009F8003B0BDE8F08F00700240E2330020DA
:10E96000E1330020B026002008710240E03300208F
:10E97000C0030020B4260020B826002030710240D9
:10E98000E333002013407FF449AF062260F07F019B
:10E990008DF804208DF806108DF80730D8F8003077
:10E9A00001A898473AE70623A0F110018DF804303A
:10E9B0008DF806108DF80750F0E718F0012314BF0A
:10E9C00093FAA3F898FAA8F8B8FA88F8B8F10F0FF4
:10E9D00018D9A8F11005EDB22846FFF75DFC0446F2
:10E9E0002846FFF751FE6368B4F814C022689842C5
:10E9F00030D81B1A00EB020E11466360C4F800E029
:10EA000082462AE048F080052846FFF745FC436827
:10EA1000B0F814A001689A4528BF9A4601F06043F7
:10EA2000B3F1005F044604D0434852460FF02FFA7A
:10EA300041492268636852442260A268A3EB0A033A
:10EA4000D20768B2636033D5BAF1000F32D1002328
:10EA500023732FE011464FF0000A604525D1003B9B
:10EA600018BF01231AB3504521D9012303FA08F333
:10EA70002BEA0303336006238DF804302F4B8DF807
:10EA8000065002221B68A2758DF8072001A898473E
:10EA9000D6F800B0D9F800301BEA03088DD1284819
:10EAA00003B0BDE8F04F09F035B80023DAE768B2EB
:10EAB000002BCCD04FF08053D3F83031082B02BF5D
:10EAC000204B8222C3F81C2CD9F800303D70012263
:10EAD00002FA08F823EA0803C9F80030236915F0A0
:10EAE000080F53442361174B17D1002805F00F0579
:10EAF0004FF0140000FB0530B5BF03EB85030A356A
:10EB0000C0F80016C0F80017B5BFC0F804A6C0F8DA
:10EB100004A75A6043F825201BE70028B5BFC3F8B7
:10EB2000A016C3F8A017C3F8A4A6C3F8A4A7B4BF3F
:10EB30005A629A640DE700BFC0240020B826002066
:10EB4000C003002000700240024B40F48070C3F804
:10EB50001805704700700240030713D400F00F033C
:10EB600010F0800F084A0BBF03F5887303F5847318
:10EB700002EB830252F8230008BF5068003818BF28
:10EB8000012070470020704700700240034BC3F81B
:10EB90000C0540F48070C3F80C057047007002400B
:10EBA0000023036043600E4BD3F880240270D3F837
:10EBB00084244270D3F88824D3F88C1442EA0122CA
:10EBC0004280D3F89024D3F8941442EA0122828040
:10EBD000D3F89824D3F89C3442EA0323C3807047C7
:10EBE00000700240014B0122DA647047007002405D
:10EBF000014B01221A65704700700240014B01224F
:10EC00005A65704700700240014B1878704700BF8A
:10EC1000E233002010B50246EFF31184402383F362
:10EC20001288BFF36F8F0EF01CF80B49012303FA13
:10EC300000F00B6823EA00030B6012F0080101BF2B
:10EC400002F00F02054B02F5947243F8221084F390
:10EC50001188BFF36F8F10BDB426002000700240F2
:10EC6000F7B50146EFF31185402383F31288BFF314
:10EC70006F8FFFF711FB064608460DF0F2FF0122E9
:10EC800011F0800F02FA00F22D4818D1036832EA21
:10EC900003040AD00846FFF7BDFF0323B37585F3CD
:10ECA0001188BFF36F8F03B0F0BD2649347323EA98
:10ECB000020303600B6823EA02030B60EDE70B0716
:10ECC00015D48029204B2FD001F00F0404F2DA3440
:10ECD0006400C3F80048D3F80448D3F80478E4B2D9
:10ECE00044F002043C43C3F80448D3F80438154FF9
:10ECF00004683B6864EA030C1CEA020FCFD013439C
:10ED00003B60002333730323B3758DF807300F4B3B
:10ED10008DF8061024EA0204062204601B688DF8B0
:10ED2000042001A89847BAE740F2B474C3F8004839
:10ED3000D3F80448D3F80478E4B244F00404D1E7EB
:10ED4000B0260020B426002000700240B826002023
:10ED500038B50446094D4FF0FF324FF0FF332846D7
:10ED600008F0FCFE2046FFF77BFF284608F0D2FEA5
:10ED7000034B8022C3F8042138BD00BFC00300202C
:10ED800000E100E0F8B54FF0FF324FF0FF332B48C1
:10ED900008F0E4FE2A4B8022C3F884212720FEF7E6
:10EDA00083FA98B1274E284B34681B68240C24043E
:10EDB0001C43012764BB254D40F2FF13336027201D
:10EDC000C5F80445FEF75CFAC5F80043204A1378FD
:10EDD0008BB11E4B0021C3F808110121C3F8002696
:10EDE000C3F804165960D3F808110029FBD000219C
:10EDF000C3F808111170154B0022C3F80025FFF766
:10EE000097FA0E4808F086FE124B01221A70F8BDE0
:10EE100094FAA4F5B5FA85F50F2D2846C6BFA5F1DD
:10EE20001000C0B240F08000030701D4FFF718FFC4
:10EE300007FA05F524EA0504BCE700BFC00300207B
:10EE400000E100E0B4260020B0260020007002405F
:10EE5000E0330020E433002010B504464FF0FF32C9
:10EE60004FF0FF33114808F079FE2046FFF7F8FE17
:10EE700004F00F02012393400D4A14F0800F14BFD9
:10EE8000D2F81015D2F814156FEA030315BF0B4022
:10EE90000B40C2F81035C2F81435044808F03AFEA9
:10EEA000044B8022C3F8042110BD00BFC003002022
:10EEB0000070024000E100E070B50446FFF784FBFB
:10EEC00068B904F00F02012514F0800F144B05FA05
:10EED00002F205D0D3F810150A43C3F8102570BD0F
:10EEE000D3F814150A43C3F81425631E062BF6D86D
:10EEF000EFF31186402383F31288BFF36F8F204610
:10EF0000FFF788FE20460DF0ACFE064A13688540E8
:10EF100023EA0503136086F31188BFF36F8FDEE7E2
:10EF200000700240B0260020030610B5044605D448
:10EF3000FFF712FE10B12046FFF76CFE014BC3F83D
:10EF4000184510BD00700240084B70B5C31A0D463D
:10EF500007499B1004465943064840220DF0ADFE78
:10EF60002B4601462046BDE870401847D0260020B9
:10EF7000B76DDBB654E3030073B50C4C0C4A402369
:10EF8000041B00930D460B460A49A4106143064634
:10EF900009480DF0BEFE011E05DA30462B4602B0D0
:10EFA000BDE87040184702B070BD00BFD0260020F9
:10EFB0007DCD0300B76DDBB654E3030010B5EFF36E
:10EFC0001184402383F31288BFF36F8F074A1368BD
:10EFD00023F00201DB07116002D401200EF03BF99F
:10EFE00084F31188BFF36F8F10BD00BF202700206E
:10EFF000002270B5012104461046FEF763F90F4860
:10F0000001F010F90E4B984215D10EF029F926693E
:10F010000C4930460DF05EFA00280BDB0125356403
:10F020002469084904F11C000DF054FA002801DBA2
:10F03000E564002070BD6FF00400FBE741F10200C1
:10F040000000AD0B48E703001FB500220123CDE906
:10F050000223094ACDF800D06B46CDF804D00DF05C
:10F0600086FE002805DB4FF480420023684608F046
:10F0700075FD05B05DF804FB9BCD030030B4104B6B
:10F080000C2202FB003301460020D3E90E529863A4
:10F09000EFF31180402484F31288BFF36F8F1C6C50
:10F0A00004F0C00444F002041C6480F31188BFF330
:10F0B0006F8F1DB12B46034830BC184730BC7047DA
:10F0C000D026002054E3030010B4EFF31182402354
:10F0D00083F31288BFF36F8F1748016841F0020471
:10F0E0000460C80707D482F31188BFF36F8F012033
:10F0F00010BC01F087B84FF08041D1F80C04D1F872
:10F100000C14C907EFD5EFF3118083F31288BFF316
:10F110006F8F0A490B6C03F0C00343F002030B64CA
:10F1200080F31188BFF36F8F82F31188BFF36F8F65
:10F13000002010BCFFF7A2BF20270020D02600200F
:10F1400010B1012804D07047034B1B6C5B0701D141
:10F15000FFF794BF704700BFD0260020024AC3B219
:10F160001C2003FB00207047D02600202DE9F04131
:10F170003849BFF35B8F0746012251E8003F41E861
:10F1800000200028F9D1BFF35B8F33B932493348EF
:10F190004B60CB608A600DF0B0F97B1E012B2BD841
:10F1A000012F07D14FF08043D3F81C3403F0030341
:10F1B000012B21D00EF071FC0546F8B9284B1B78C5
:10F1C000E3B14FF080430222C3F808230646DFF87C
:10F1D00094804FF08044D4F81824D4F81834D20323
:10F1E00015D503F00303012B01D0012F0FD155B327
:10F1F00086F31188BFF36F8FBDE8F081EFF31186BE
:10F20000402383F31288BFF36F8F0125DFE7ADB191
:10F2100030460DF0A7FCD4F81835002BDBD1D4F81C
:10F220000421002AD7D0C4F80431D4F804310123D2
:10F23000C4F81835C8F88031A360CCE7002121203C
:10F2400009F004F9E7E74FF080430222C3F80423F2
:10F25000D2E700BFCC260020BC260020EC260020F0
:10F260000834002000E100E0EFF31182402383F333
:10F270001288BFF36F8F0A4BD3F8001161B10021E0
:10F28000D3F80805C3F80011D3F80031C0B282F3F7
:10F290001188BFF36F8F70476FF00A00F7E700BF68
:10F2A00000D00040F0B5034610469C7893F803C0A8
:10F2B000EFF31182402585F31288BFF36F8F1F781B
:10F2C00093F801E0E41B04EA0C04A04288BFA0B25A
:10F2D0003E180CEA06063D461E7082F31188BFF305
:10F2E0006F8F0A188A4216D177450CD1EFF311823D
:10F2F000402181F31288BFF36F8F1978597082F320
:10F300001188BFF36F8F1B79241AA34222BF064BCB
:10F3100001221A60F0BD5E190135767901F8016BA2
:10F3200005EA0C05DEE700BF00D00040DB432DE915
:10F33000F04713F001050E46144604D02248FFF7AB
:10F34000B1FFBDE8F0879AB3EFF31188402383F350
:10F350001288BFF36F8F0D20FDF7A6FF07460D2023
:10F36000FDF78EFF88F31188BFF36F8FDFF85CA085
:10F37000DFF85C80CAF80051DAF800314FF4005928
:10F380000123CAF800302546C8F88091DAF8003128
:10F3900083B1FFF769FF031EC8F88091F6DB013DDA
:10F3A000ADB27355002DF1D117B10D20FDF75AFF05
:10F3B0002046C6E7EFF31180402383F31288BFF3A2
:10F3C0006F8F0DF0CFFBE1E74427002000D0004015
:10F3D00000E100E02DE9F041124F0D46144607F11F
:10F3E000350814B92046BDE8F0814FF0FF334FF0E7
:10F3F000FF32384608F0B2FB224629464046FFF766
:10F4000051FF0646384608F085FB3EB94FF0FF3203
:10F410004FF0FF33044808F0A1FBE6E7A41BA4B2B9
:10F420003544DEE7242700203427002038B5184C67
:10F430000122114620460EF0BCFA0122002104F1FF
:10F4400010000EF0B6FA40F2074323874FF07063C6
:10F4500023620C2384F8243000250E4B84F83550A9
:10F46000E586D3F8042522F00102C3F80425012122
:10F47000C3F80051D3F80021C3F804132A461960D9
:10F480000D20FDF71FFF0D20FDF7ECFE284638BDCF
:10F490002427002000D0004010B5FFF7E5FE00282B
:10F4A00020DB174B93F8222093F8214093F8231088
:10F4B000141B31EA0404C0B20DD193F8372093F83D
:10F4C000364093F83810141B31EA04040BD10D4B6D
:10F4D00001225A600EE09C180132114084F8250088
:10F4E00083F8221010BD9C180132114084F83A00B4
:10F4F00083F837100448BDE8104008F00BBB00BF8C
:10F500002427002000D0004034270020F0B54068B8
:10F51000057B01F01F0444EA4514056987B0002DFE
:10F5200064D0B2F5001F00F1100506D1214628462F
:10F530000EF00AF9002007B0F0BD01AE0027B2F5C9
:10F54000800F0197776039D1B3F1007F14BF052395
:10F5500004238DF804300023CDE90463039383680A
:10F5600023FA01F111F001011AD1B2F1A07F17D1F4
:10F5700004F01F03620903F5E0732AD0012A3BD18E
:10F580001F4A52F82330DB070AD40DF10306324636
:10F590002146284607F010FE1A4B98421CD00296CE
:10F5A00003AA2146284607F0C9FC174B984220D1F0
:10F5B00001222146284607F063FEBBE7B3F1C06F86
:10F5C00005D0B3F1007F14BF01230223C1E7032359
:10F5D000BFE74FF0A042D4E73146284607F04AFE85
:10F5E000094B9842DBD06FF00B00A4E76FF0850069
:10F5F000A1E76FF015009EE751F82330FFDE00BF52
:10F60000000300500400AD0B0000AD0B38B5456899
:10F610002B69B3B11035284607F01CFE044680B9AB
:10F620000146284607F0E2FD084B98420BD10849F5
:10F630002246284607F0BAFD224605210620FDF79E
:10F6400041FE002038BD6FF00400FBE70000AD0B69
:10F6500055F60200420970B5034602D0012A17D0C0
:10F6600070BD0D4E326951680029F9D003F01F03B7
:10F6700001250C689D400029F2D08A682A4002D0FA
:10F680004B68304698472CB1236821461C46F2E768
:10F69000024EE7E72346F8E77CE3030068E3030054
:10F6A0002DE9F043466840F20635D006337B87B03B
:10F6B00002EA050554BFC2F34010032001F01F0702
:10F6C000B5F5837F144647EA43178DF8030044D00D
:10F6D0000FD8062D18D007D8B5B1022D3FD06FF046
:10F6E000150007B0BDE8F083B5F5807FF7D101259F
:10F6F0000AE040F20222954233D0B5F5407F32D085
:10F70000B5F5007FEBD1022522032ED572680123C7
:10F710008B40C2F80835326992BB07F01F037F099E
:10F720002BD0012F79D13F4A02EB830284F480333E
:10F73000D2F80017C3F30043C4F3404444EA43043F
:10F7400021F4E16144EA800421F0070144EA052341
:10F750000B43C2F800370020C3E70725D4E7042590
:10F76000D2E70525D0E70325CEE7630341BF012398
:10F7700072688B40C2F80C35CDE74FF0A042D3E75A
:10F7800010360DF102023946304607F015FD14F42B
:10F79000403F80460CD1394630460DF0D3FF224B16
:10F7A0009845D8D19DF80210304607F05DFDD2E7AC
:10F7B00001AB4FF0000903AA39463046CDE90439C0
:10F7C000CDE90199CDF80C9007F0B8FB164B9842A3
:10F7D00085D114F4003315D09DF803308DF80E3028
:10F7E00084F48034C4F300444B4603AA39463046BF
:10F7F0008DF80C508DF80D4007F05AFC0A4B9842DA
:10F80000CDD06CE7CDE9043303AA0DF103033946EB
:10F810003046039307F092FBF0E703F5E07352F8EC
:10F820002330FFDE000300500000AD0B036803F03F
:10F830001F025B09026004D0012B034818BF00209F
:10F8400070474FF0A0407047000300502DE9F04F83
:10F85000DFF89491DFF894A185B01546834600EB5C
:10F86000810140F2FF18594503D1002005B0BDE8E1
:10F87000F08FDBF800305E04C3F3C322C3F3080447
:10F8800000F1AC805B0C19F80270444508BF4FF0E2
:10F89000FF34222B00F2A580DFE803F012191F22AB
:10F8A000252B22A3A3A3A33B68A3A3A3A3A3A3A342
:10F8B000A3A36B818487A3A3A38A9194979A9D00A5
:10F8C000C5F80C45601C5ED10BF1040BCBE7C5F805
:10F8D0001445621CF8D000265FE0C5F80845F1E742
:10F8E000C5F81045F5E7631CC5F80845ECD00026BF
:10F8F00004E0661CC5F80C45E6D0012603A8039475
:10F90000FFF794FF039B012202FA03F3C0F80C35C2
:10F9100008E0C5F80845002FDBD1631CD4D00026D1
:10F9200032460627DBF80030019303F4004000283C
:10F9300018BF002203A8009218BF01260394FFF706
:10F9400075FF039C019B009A00EB8400C3F3412CDC
:10F95000D0F800473B0243EA8C03134304EA0A044D
:10F96000234343EA4603C0F80037ADE7C5F80C452A
:10F97000D1E7C5F86045601CDBF80030A4D0C3F3C4
:10F980000043002BB9D003A80394FFF74FFF039B5C
:10F99000012606FA03F3C0F808353246C2E7C5F877
:10F9A0006445E8E7C5F86845E5E7C5F86C45E2E772
:10F9B000C5F82445621C87D000220126B2E7C5F8AD
:10F9C00028457FE7C5F83045F4E7C5F83445F1E749
:10F9D000C5F83845EEE7C5F83C4573E76FF015000C
:10F9E00044E76FF0850041E7C5EB0300F0F8FCFF4A
:10F9F0002DE9F7430646002201210220FDF762FCB3
:10FA00000220FDF72FFC776835693C684FF000084D
:10FA1000C4F800852E60D7F80C9001AA41464846EC
:10FA20000DF054FA002839DB019BD9F80020197930
:10FA30001868FFF70BFF002830DB6B7AD6F810C090
:10FA4000012B03D0032B27D14FF01008AB7A032BE7
:10FA500022D1E97A09B101291ED12A7A12B1022AEA
:10FA60001AD10E226B687068B3F5164F006800F06B
:10FA7000B28034D8B3F5165F00F0B0801AD8B3F571
:10FA8000966F00F0AD800CD8B3F5967F00F0AB8098
:10FA9000B3F5167F00F0AA806FF0850003B0BDE8D3
:10FAA000F083B3F5166F00F0A480B3F5965FF3D141
:10FAB0005C4B43E0B3F5E14F00F09E8008D8B3F50E
:10FAC000615F00F09B80B3F5964FE5D1564B35E072
:10FAD00047F6122E7345DFD14FF400032EE0B3F545
:10FAE000613F00F08D8015D8B3F5963F00F08B8014
:10FAF0000AD84DF6C02E734500F08780B3F5614FEC
:10FB0000CAD14FF46B0319E0B3F5E13FC4D14FF014
:10FB1000EB7313E0B3F5612F7AD009D8DFF80CE16D
:10FB2000734578D0B3F5E12FB6D14FF0E86305E027
:10FB3000DFF8FCE07345AFD14FF08053C0F82435B7
:10FB4000736841EA08011B680A43C3F86C25D5E9CC
:10FB500001010CF1040383E803007B68990712D5C7
:10FB600005F11C0007F062FD324B984256D1287F08
:10FB700004F10C0204F590710DF05EFD2B7F012065
:10FB8000984007F0BDF80823C4F800353B7A53B914
:10FB9000C4F81031D4F81031AB69C4F834350123FE
:10FBA000C4F8383523607B689A075CBF4FF48073D4
:10FBB000C4F804337B68DB0644BF4FF48003C4F809
:10FBC00004336B69C4F8443500200123C4F84805A8
:10FBD000A360E36062E74FF41D03AFE7164BADE7A8
:10FBE0004FF49E23AAE74FF4A033A7E74FF41C334A
:10FBF000A4E74FF41D23A1E7104B9FE7104B9DE7AF
:10FC00004FF06C739AE70F4B98E74FF4650395E755
:10FC10004FF0706392E74FF080638FE76FF004005E
:10FC20003CE700BF00B0130000A04E0090D00300DE
:10FC300040420F000000AD0B0050270000C07500CF
:10FC400000F03A0000903A012DE9F04104460769BE
:10FC50000D460DF022FF4FF04008B0B91F4B1B7846
:10FC60009BB1642660680DF00AFAF0B901200DF02E
:10FC7000E1FC013EF6D10021212008F0E7FBF0E78E
:10FC800081F31188BFF36F8FF5E7EFF311810E4613
:10FC900088F31288BFF36F8F60680DF0F0F980B9B8
:10FCA00081F31188BFF36F8FEFE7EFF311810E46F9
:10FCB00088F31288BFF36F8F60680DF0E0F90028B9
:10FCC000DED07B691D707969012220460DF018F99C
:10FCD00086F31188BFF36F8FBDE8F08108340020F0
:10FCE00070B5012383400E4ABFF35B8FDC4352E8BB
:10FCF000001F01EA040542E80056002EF7D1BFF3C9
:10FD00005B8F4FF4803282400648C0F80823BFF36F
:10FD10005F8FBFF36F8F0B4214BF0120002070BDB7
:10FD2000842700200010014070B40E49D1E900344E
:10FD3000D01AC31844F1000422F07F46C1E9003410
:10FD4000A6F50013B3F5400F09D2074B1B681A0A3A
:10FD50001B069C19054B42F10005C3E9004570BC28
:10FD600008F028BD8811002088270020901100206D
:10FD700011B3BFF35B8F0123104A834052E800CFD9
:10FD80004CEA030C42E800C10029F7D1BFF35B8FB6
:10FD90000B4A4FF480338340C2F80433094BBFF35E
:10FDA0005B8F1B68BFF35B8FC340DB0742BF064B13
:10FDB0004FF40032C3F80021704700BF84270020B1
:10FDC000001001408027002000E100E00D4B186882
:10FDD000010A0006BFF35F8F0B4BD3F804351818E8
:10FDE00041F10001B3F5801F0AD2084BD3E900238B
:10FDF000904271EB030303D210F1807041F10001D6
:10FE0000704700BF8827002000100140901100209B
:10FE10002DE9F04F85B016461F469DF840A00446D8
:10FE2000FFF75EFF0190FFF7D1FFB04271EB0703D0
:10FE300054D23E4B301A67EB0101984271F1000138
:10FE40004FD23B4B03EB0413D3E902239F4208BF7D
:10FE500096425ED037494FF4803804F1500508FAD5
:10FE600004F8AD00C1F848832046ADB20DF0B0F9FA
:10FE700026F07F4B05F1804504F5A87305F588351C
:10FE8000DC464FF003090293029A2CF07F4341F8BD
:10FE90002230C1F84483D1F80435274A6FF00200BC
:10FEA000C01A604420F07F40904232D9286868B17F
:10FEB000D1F804350393A3EB0B0020F07F40B0F59D
:10FEC000000F26D920460DF083F9039BBAF1000FED
:10FED00007D109EB030C09F10109D5E7BAF1000FCD
:10FEE00009D06FF0150520460199FFF741FF28461C
:10FEF00005B0BDE8F08F0123104ABFF35B8FA3402C
:10FF000052E8000F184342E800010029F8D1BFF37E
:10FF10005B8F07490E98230101EB0412C8500F9B19
:10FF20005360C2E902670025DDE700BF01008000E1
:10FF30007811002000100140FDFF7F008027002085
:10FF40007FB51C4C1C4BC4F80833C4F848331B4B1A
:10FF500000254FF0FF304FF0FF31C4F80855C3E9DA
:10FF600002014FF48033C4F80433154B02264FF4DA
:10FF700000320121C4F804631120C3F880212A460D
:10FF8000FDF7A0F91120FDF76DF90E4A0123A360DA
:10FF9000236013600C4B0D4A0093CDE901550023FB
:10FFA0002846FFF735FF3046FFF7E0F8284604B053
:10FFB00070BD00BF0010014003000F007811002049
:10FFC00000E100E08427002029FD0200FFFF7F0000
:10FFD0002DE9F7432B4CD4F8043399070BD5D4F80B
:10FFE000043143B1284A0023C4F80431D4F8043161
:10FFF000136801331360D4F80433DA0323D5BFF355
:020000023000CC
:100000005B8F224B53E8002F22F0010143E80010E0
:100010000028F7D1BFF35B8FD30702D4D4F8403167
:100020008BB10025C4F84051D4F84031FFF7CEFE23
:10003000EFF3108272B6164BD3E90267B042B941B2
:1000400004D282F3108803B0BDE8F0834FF0FF388C
:100050004FF0FF39C3E90289D3E900101D604FF466
:100060008033C4F84833C4F84051D4F8403182F3A7
:1000700010880029E7D0009032463B462846884742
:10008000E1E700BF00100140882700208027002002
:100090007811002030B5431C124C85B005D0844245
:1000A000A8BF0446012CB8BF0124FFF78FFE0E4BFA
:1000B0000C4DD3E90013401AB0F5000F10D22218EE
:1000C000AA4228BF2A4652184FF000000749009163
:1000D000CDE9010043F10003FFF79AFE05B030BD02
:1000E0002A46F0E7FFFF7F008811002029FD02006B
:1000F00008B5FFF76BFE024B1B68C01A08BD00BFB6
:100100008811002002460B46014807F01DBC00BFC5
:100110005C030020014807F08FBC00BF5C03002097
:1001200008B50A46014607480CF03CF906480CF0B1
:1001300039F9002383F31188BFF36F8F0323184627
:1001400002DF08BDDBEB0300CDEA030037B5322345
:10015000ADF80430104A00230125192168468DF8B6
:100160000630ADF800508DF80230FAF73DF904463C
:1001700070B901462A460820FDF7A4F82A46214610
:100180000B20FDF79FF82A4621462846FDF79AF8EE
:10019000204603B030BD00BF2101030001490248E1
:1001A0000DF05FBC8C2700209811002037B50D4D55
:1001B0000D49002400946FF007034FF48062284635
:1001C00007F0EEFD094928460DF06DFC0849094885
:1001D0000DF02BFC224604211920FDF773F8204670
:1001E00003B030BD98110020C03C0020F0EB0300AC
:1001F00003D203008C270020014B00201B68184706
:100200009C27002020B1012806D10448F7F774B9D3
:10021000034B01201B681847704700BFF90103001A
:100220009C270020014B1860014870479C27002044
:100230000000AD0B08B51520FDF722F803480CF0BF
:1002400089FB002818BF6FF0150008BDFAEB03000A
:10025000014902480DF005BC3C280020381200205E
:1002600037B50F4D0F49002400946FF007034FF48A
:100270008062284607F094FD0B4928460DF013FCD8
:100280000A490B480DF0D1FB224604211520FDF749
:1002900019F81520FCF7E6FF204603B030BD00BF7B
:1002A000381200200041002022EC0300C1020300AC
:1002B0003C280020014807F0BFBB00BF20280020D9
:1002C000F0B5174D174F8DB000266A460DF12D0180
:1002D0000BA88DF82D600CF06BFB9DF82D3093B1C1
:1002E0002B6883B14FF0FF334FF0FF32384607F0F1
:1002F0002BFB2B680BB11C683BB9FFF7DBFF9DF8AC
:100300002D30002BE1D10DB0F0BD5B6868469847F9
:100310001CB1226823461446EEE72246FAE700BFE6
:1003200034280020202800201FB5074A07CA01AB47
:1003300083E8070018460CF01DFB08B90CF02AFBF7
:1003400005B05DF804FB00BFD0E5030038B50546F5
:1003500030B3154C15484FF0FF334FF0FF3207F024
:10036000F3FA236843B15A68AA4203D1FFF7A2FF08
:10037000002038BD1B68F5E708200DF01FFD20B9EF
:10038000FFF798FF6FF06800F3E700230360456014
:10039000636813B9C4E90000E8E718606060E5E746
:1003A0006FF01500E5E700BF34280020202800206A
:1003B00001490CF061BB00BFEB02002008B503222D
:1003C00010230021052001F0D7F8024B1B68022200
:1003D0009A7208BDA804002010B5064C236858780E
:1003E0000DF08FF82079FAF7DFF800236371A3711D
:1003F00010BD00BFA8040020F8B54B4E4B4C31682F
:10040000002301228879C4F8FC3FC4F8FC2FC4F80B
:100410001435CD78464A42EA0522C4F81825D4F8A6
:10042000182522F00072C4F818250322C4F800220F
:10043000C4F81031C4F80C31C4F80431C4F80031E8
:10044000CB79012B48D13B4BC4F838356FF07F4353
:10045000C4F83C35C4F8342501230022C4F80C0547
:10046000C4F83035C4F82C25D4F8743723F08073E1
:1004700023F0010343F08073C4F874372E4BC4F8A3
:100480007C37C4F8102535682F7B7FB32A73D4F8E6
:10049000243523F0FF03C4F82435D4F81C35C4F800
:1004A0001C253268214B9178C3F8081592F8441046
:1004B00009B9517BB1B3214AC3F804251022C3F80E
:1004C00004231F4A002182F801130221116040F227
:1004D0000122C3F85026F8BD41F22103C4F8383593
:1004E0004FF6FF73C4F83C350222B3E7D4F8243545
:1004F00023F0FF03C4F8243568790DF078F8D4F8B8
:1005000024351843C4F82405D4F81C35C4F81C75E8
:1005100028790DF06CF8D4F81C3543EA0063C4F870
:100520001C35BEE79269C7E7A80400200010004010
:100530001E000101BD017B0022010482AF040020E6
:1005400000E100E008B5FFF757FF064AD2F8003295
:1005500043F48873C2F80032034B00221A755A75AF
:1005600008BD00BF00100040A804002010B50A4CD0
:10057000A36983B1012202210B23002000F0FCFFBC
:10058000A369002098470122BDE8104010230221F2
:10059000104600F0F1BF10BDA804002070B51B4A42
:1005A0001B4D4FF48074EE69E861C2F88040BFF3E0
:1005B0004F8FBFF36F8F174B4FF48031C3F8041385
:1005C000D3F84015891B0844C3F84005D3F84015FB
:1005D000C3F8401501200021C3F8401182F8081328
:1005E000C2F88041D864D3F84015D3F84C65891B14
:1005F000B1F1004F06D9D3F840311BB985F820007E
:10060000C2F800414FF48073136070BD00E100E058
:10061000A80400200080004030B5244A24484FF44C
:100620004013C2F8083590F82130012101FA03F493
:10063000DB0003F1804303F5F833C2F808450022DC
:10064000C3F810251B4CC3F814251B4B02259961D8
:10065000C3F81C21C3F8FC2FC3F8FC1FC3F8002209
:10066000C4F88050BFF34F8FBFF36F8F4FF0FF344C
:10067000C3F80843C3F810211961D3F81021002AE8
:10068000FBD00022C3F81021C3F80C21C3F80421C9
:10069000C3F80821C3F80021D3F80031054B02212B
:1006A000C3F8801103689A7230BD00BF00F00140AA
:1006B000A804002000E100E00010004010B52C4C20
:1006C00023685B78012B4AD12A4BD3F80421012AF5
:1006D0001FD1D3F80C21012A1BD1D3F80034012BF0
:1006E00017D1102303220021062000F045FF2368C4
:1006F00093F8442022B198690D22E11D0CF066FFA9
:10070000D4E90A0104F0D2FE0CF0EDFEFFF784FFFD
:1007100001E00CF0D4FD2079F9F746FF0023637166
:1007200084F83030144B0122D3F84005DA64D3F852
:100730004C25C3F84025E369101A1844E061C8301D
:10074000FFF72CFF236893F844307BB1FFF7FAFEE4
:10075000084B01225A60BDE81040FFF72FBE10235E
:1007600002220021062000F007FFCDE710BD00BFE8
:10077000A804002000100040008000400A4B4FF405
:100780008032C3F8082301225A600022C3F84021B6
:10079000064B4FF48072C3F88020BFF34F8FBFF336
:1007A0006F8FC3F8802170470080004000E100E0B7
:1007B00008B5FFF7E3FFFFF72FFF0C4B59791A68D5
:1007C00001290DD192F8441051B9517B41B9022150
:1007D0005971002382F84430BDE80840F8F744BB63
:1007E0000021597183F83110F3E700BFA8040020FD
:1007F0002DE9F04F514D2B68D3E90E24002C85B024
:1008000007468A4608DA6142914205D90024DC6332
:10081000C4F13206322404E014440026312CDE6395
:10082000F6D9FAF7BAF8EB69454A01932B68D2F882
:100830000895D2F8241593F802B0039180465879B0
:1008400002930CF0D4FE0399029B3D4AC9B2814247
:100850004CD04FF001092B681878F8F7F5FC29689F
:100860000B6C4A6918440019101A0028BCBF02F525
:100870007A424A6120465146B8BF4FF001094FEA1B
:10088000E47BF9F7D5FA002840D0EA692D4B9A426B
:100890003CD82968D1E90C321B194BEB0202C1E9A3
:1008A0000C320B6CE0180864F9F76AFA002F41D19A
:1008B000B9F1000F08D0FFF7AFFEFFF743FE204B62
:1008C00001225A60FFF77AFD012385F830302B684A
:1008D0001A69186B019B1644801BA8EB0308A0EB58
:1008E000080005B0BDE8F04FFFF758BED2F81C2550
:1008F000187902920CF07BFE029AB2EB006FA8D13D
:10090000BBEB090918BF4FF00109A4E797B9FFF73E
:1009100083FEFFF733FF29684B6A81F84470643B1C
:100920000B6411F8200BF8F7A5FC05B0BDE8F04FFB
:10093000F8F79ABA05B0BDE8F08F00BFA804002010
:10094000001000400090D003024B1B6893F8440055
:10095000704700BFA804002008B51B4B1B49186056
:100960000220C1F88000BFF34F8FBFF36F8F0022CA
:10097000C1F8800181F80123086019685A712020AC
:1009800008704FF4807088604FF44050A1F8440024
:100990008A814A6103F121009A6183F8312083F84A
:1009A000322083F8332083F834201A755A7583F87F
:1009B000302083F8202083F8352006F037FE044BE2
:1009C000C31A5842584108BDA804002000E100E0C5
:1009D0000000AD0B37B5094C25682B78202B0BD1C7
:1009E000074801A9F8F7E6FB236828701878203833
:1009F00018BF012003B030BD0120FBE7A804002090
:100A0000290A030010B5074C23681878202801D163
:100A1000012010BDF8F7FAFB0028FAD02368202245
:100A20001A70F5E7A80400202DE9F041BB4C072916
:100A30003BD8DFE811F0080059009001B401300103
:100A4000D8011001CB01012209231146002000F03A
:100A500093FD94F83110012384F83330B1B9236841
:100A6000AF4D5B78012B4FF0100332D103220620EB
:100A700000F082FD01F000FCFFF764FD4FF400136D
:100A8000C5F804352368186CF9F77AF90223637105
:100A90000122002384F8353084F8203084F8342093
:100AA00010231146104600F067FD236893F8443088
:100AB000002B00F02B829B4BD3F850351B0700F026
:100AC0002582BDE8F041102301220021032000F01F
:100AD00053BD0222062000F04FFD02F077F9FFF728
:100AE0008BFC4FF48013CBE7012211460A23002030
:100AF00000F042FD94F831100122002584F83320E3
:100B0000A57149B1FFF754FE84F83350002384F8EF
:100B1000343010230122C4E794F8345055B92368C7
:100B200058780CF0EEFC2079F9F73EFD6571F8F786
:100B30009BF9E9E77C4FE1614FF4807CC7F880C006
:100B4000BFF34F8FBFF36F8F784BC3F84015256805
:100B50006E7BA86B4EB32B6985F84420C01A84F8CD
:100B60003020FFF71BFDD5E90C32A96B5B1842EB77
:100B7000E172C5E90C3223685B78012B51D1FFF794
:100B80001DFC236893F84420002ABFD01878684DD4
:100B9000684EF8F759FB21684A69131A1D44B5429B
:100BA00049D910F57A404861B0E7E16985F84460B9
:100BB00084F83060E061411AC7F880C0BFF34F8FFE
:100BC000BFF36F8F4FF48030C3F80803D3F84005AC
:100BD000594D0144C3F84015D3F84015C3F84015EA
:100BE00094F82110554840F831500430A5F5E245FD
:100BF000303D40F8315002FA01F140F8101CC3F8C2
:100C00004061DA64D3F84015D3F84C05091AB1F104
:100C1000004FB0D9D3F84031002BACD1414B1A6111
:100C2000A9E7102302220021052000F0A5FC23687B
:100C300001229A72A5E7B3F57A4FBFF667AF4FF47A
:100C40007A40C3F5F93303F2FF13B3FBF0F300FB73
:100C500003224A615AE7012209231146002000F0CD
:100C60008BFC6379012B0ED123685A7B5AB193F820
:100C7000443043B12079F9F797FCFFF799FD002341
:100C800084F8333045E794F83030002BF5D000235A
:100C900084F83030EEE70122224D07231146002070
:100CA00000F06AFCD5F804316375F9F776FE01238C
:100CB00084F8333094F83130C4E90A01002BDCD1D8
:100CC000236893F844309BB1D5F80C311BB1D5F8AB
:100CD0000034012B0CD001F07DFF48B9FFF79CFCDC
:100CE000FFF730FC0F4B01225A60FFF767FB10E75C
:100CF000637913B16379012B22D1012384F8353054
:100D0000094B0222C3F88020BFF34F8FBFF36F8FD0
:100D1000044B0022C3F81021FBE600BFA80400200A
:100D200000F001400010004000E100E000800040C1
:100D3000FF25A007FE19A2074081004010F50140E1
:100D4000236893F844201AB15B7B002B3FF4E1AE9B
:100D5000FFF7B4FCDDE60B2301220221002000F0A6
:100D60000BFC102304220021062000F005FC94F85F
:100D70003130EBB1002384F83130637103E003B903
:100D800062B6FFF729FB94F8323023B1002384F8D0
:100D90003230FFF737FE10230122022182E60B23B7
:100DA00001220221002000F0E7FB10230522DAE7F0
:100DB000EFF3108372B6226892F84420002ADED046
:100DC0000122A271002BDED162B6DCE70B230122E7
:100DD0000221002000F0D0FB062210230021104643
:100DE00000F0CAFBC6E7012211460A23002000F0EA
:100DF000C3FB102307220021062000F0BDFB94F85E
:100E00003130002B7FF439AF414BD3F8402122B968
:100E100094F82020002A3FF47CAE002684F820605D
:100E2000C3F8406194F830300BB384F8306001F0BF
:100E3000D1FE054680B1236883F844600CF03FFA88
:100E40002079F9F7B1FB0023637184F83030E06951
:100E50009630FFF7A3FB5CE601F034FA0028EFD0F0
:100E6000236893F82A102846FFF7C2FC51E66379FD
:100E7000012BD8B2EBD102236371236893F844505D
:100E800035B9FFF77BFCF7F7EFFF84F8335040E606
:100E90005D7B85B983F84450FFF7BEFBFFF76EFC1E
:100EA000F7F7E2FFA37984F83350002B3FF431AE1B
:100EB000FFF792FA2DE693F82A1094F835300BB923
:100EC0001846D1E7FFF794FC124E2568D6F808259E
:100ED000AB789A4209D00F4B0022C3F80421C3F823
:100EE0000C21002384F8353032E76879D6F8247570
:100EF0000CF07DFBFFB28742EDD12879D6F81C6556
:100F00000CF075FBB6EB006FE5D1EAE7BDE8F081C8
:100F1000008000400010004010B528B1034CA061D3
:100F20000348F9F725FB207110BD00BFA80400207D
:100F30006D0503002DE9F047354C9DF820901E46C5
:100F4000002305460F46904684F83230FFF742FDF5
:100F5000B9F1000F18D120685A354FF0000347F15E
:100F60000007C0E90C57437080F82A8080F82030D1
:100F700080F82B3001F018FE70B9236840F2F65269
:100F80001A8506F6B8320CE023681878F8F77EFC6C
:100F90000028E0D1BDE8F0872368B7221A8506F55E
:100FA0007A725A6225686B6AAE63643B00262B64D2
:100FB0006E7301F013F93146A86110230820012255
:100FC00000F0DAFA216811F8200BF8F753F9A8B904
:100FD00023681878F9F756F8216811F8200BF8F70C
:100FE00049F9054650B92079F9F7DEFA2946102368
:100FF000BDE8F0470122072000F0BEBA102301220D
:101000000021072000F0B8FA01236371C2E700BF96
:10101000A80400202DE9F74F5C4C9DF830909DF816
:1010200034601D460023CDE90021074684F83230A4
:10103000FFF7D0FCB9F1000F5AD14FF0010B4FF080
:10104000000A236893F8449083F801B016B1B9F10F
:10105000000F56D1019A1F635A63009A83F82A2021
:1010600083F820A083F82BA001F09EFD23680028C0
:101070004BD0B7221A8505F57A725A62D4F80080EF
:10108000C8F83850002E57D00121B9F1000F42D1D5
:10109000D8F8242088F80D10643AC8F8402001F0F0
:1010A00099F80021C8F8180010230820012200F048
:1010B00063FA216811F8200BF8F7DCF8002852D108
:1010C00023681878F8F7DEFF216811F8200BF8F78D
:1010D000D1F8002847D100902079F9F765FA0099F6
:1010E00010230122072003B0BDE8F04F00F044BAFE
:1010F00023681878F8F7CAFB00289ED103B0BDE832
:10110000F08F1A6BBA1ADA63A7E740F2F6521A8523
:1011100005F6B832B1E788F80D1001F05BF8C8F8B1
:101120001800EFF3108372B6226892F844203ABB9D
:10113000002B86D162B684E7D8E90C215A3241F1FE
:101140000001C8E90C21D8F8242088F80D60A2F12C
:101150005A01C8F82410BE3AA5F15A01C8F838104F
:10116000C8F840209BE7102301220021072000F04F
:1011700003FAEFF3108372B616B1B9F1000FD3D1B1
:1011800001226271002BB9D162B6B7E7A804002032
:10119000014B1879F9F708BAA8040020014B1B6825
:1011A00098717047A8040020014B1B689870704725
:1011B000A8040020014B1B6898807047A8040020F9
:1011C000014B1B68D8707047A8040020014B1B68B6
:1011D000D8717047A8040020014B1B681861704744
:1011E000A8040020024B1B6801221A73704700BF3D
:1011F000A804002038B50D4D2B68DB7AA3B1FFF7AA
:101200000BFA0B4B0022C3F80022C3F81021012275
:101210001A61D3F81021002AFBD00024C3F8104132
:10122000F6F7BCF92B68DC7238BD00BFA8040020BB
:1012300000100040044BD3F81C0118B1D3F8480546
:10124000404240B2704700BF00100040014B587D43
:10125000704700BFA8040020044B1B681A7A22B90B
:10126000012203481A72F6F747B97047A804002014
:10127000BDD20300044B1B681A7A1AB100221A72FD
:10128000F6F78CB9704700BFA804002070B51D4D5B
:101290002B681B78202B09D1EFF3108472B6FFF76F
:1012A000E9FF0CB1012070BD62B6FBE76B7913B9A1
:1012B00095F8333013B3144E012385F8313045F2DD
:1012C000F0541E436B7913B995F8333003B184B9E8
:1012D000FFF798FB10B9012385F83230EFF3108542
:1012E00072B6FFF7C7FF05B962B6201E18BF01200E
:1012F000D9E74FF4C850B047013CE3E745F2F0545A
:10130000E6E700BFA804002060E5030070B5EFF336
:10131000108672B60122002100F070F9044680B9EF
:101320000B4D2B786BB905F10800FFF715FB287002
:1013300058B10848FFF7F0FD012085F84E0001F094
:101340000DFB06B962B6204670BD6FF00B04F8E7DE
:10135000E0040020FFD2030010B50D4B1B780446BB
:101360007BB1FFF793FFFFF745FF204601F098FBA5
:1013700050B1084B22781A70002001F0EFFA0020DB
:1013800010BD4FF0FF30FBE76FF01500F8E700BF2E
:10139000E00400203806002010B5084B1B7853B13C
:1013A000FFF774FF0446FFF725FF002C14BF002051
:1013B0006FF03B0010BD4FF0FF30FBE7E004002072
:1013C00010B5084B1B783BB1FFF7E6FF044630B978
:1013D00001F0C4FA204610BD4FF0FF34FAE76FF079
:1013E0003B04F7E7E0040020054B1A7822B1012204
:1013F00083F84E20FFF7E4BF4FF0FF30704700BF87
:10140000E0040020F8B51E46114B1B7883420446C9
:101410000F46154612D9072A13D8FFF7DBFA98B101
:101420002A463946204601F0D1FE20B931462046F1
:1014300001F018FF08B140F48040F8BD44F23300D9
:10144000FBE744F22900F8E74FF0FF30F5E700BF73
:101450003806002008B5064B1B78834205D901F0F9
:1014600023FF08B140F4804008BD44F23300FBE79D
:101470003806002008B513460A4A1278824209D974
:101480005BB10A4600210CF078F8502808D040F4EF
:10149000804008BD44F23300FBE76FF01500F8E729
:1014A0000020F6E73806002008B513460A4A1278ED
:1014B000824209D95BB10A46A0210CF05EF850289F
:1014C00008D040F4804008BD44F23300FBE76FF0E1
:1014D0001500F8E70020F6E73806002008B5074AAF
:1014E0001278824206D98B1E4E2B03D800F07AFE6A
:1014F000002008BD44F23300FBE700BF380600209F
:1015000008B5064A1278824204D919B101F09CFB51
:10151000002008BD44F23300FBE700BF380600207E
:1015200013B50A4C247884420DD9ADF8041001A9F2
:101530008DF806208DF8073001F054FB08B140F417
:10154000804002B010BD44F23300FAE738060020B4
:10155000074B93F90030002B09DB5A09012103F0F6
:101560001F03994002F14003024A42F823107047DA
:101570002BEC030000E100E030B40B4D2C6D84B186
:101580006D6D75B129B9A178FF290AD0AC4630BC80
:101590006047012901D12178F6E7022901D161785C
:1015A000F2E730BC704700BFE004002070B5124C79
:1015B0008CB006460D46C4F804D511466846102284
:1015C0000CF065FC102231460DEB02000CF05FFCC4
:1015D0000023C4F8003101232360D4F80031002B2C
:1015E000FBD00023C4F80031102208A928460CF0D3
:1015F0004EFC0CB070BD00BF00E000402DE9F04F84
:101600008946D6498BB000238246081DCDE90633B2
:10161000CDE90833934600F0E1F9044628B16FF0B4
:10162000150420460BB0BDE8F08FB9F1000F6AD069
:10163000CB4D4FF0FF3029680BF090FE4FF0FF3C90
:10164000804640F6FF76E6462B682F4655F8041F85
:1016500088EA03034B4083EA0C03C3F3072CC3F36C
:101660000740604400EB13605FFA83FC8CEA000CD7
:101670008EEA03034CEA13639E4288BFC4B240461D
:1016800088BF1E460193BF050BF068FE019B07F162
:101690000E4747EA0337B34B40F6FF729D4247EAD5
:1016A000020EC44640F0AF80AD4A8DF81940F6B244
:1016B0008DF81860AC49D2F88032B1F88000ADF8EE
:1016C0001A00180C1B0E8DF81C008DF81D30D2F876
:1016D0008432B1F88400ADF81E00180C1B0E8DF892
:1016E00020008DF82130D2F88832B1F88810ADF89A
:1016F00022101A0C1B0E8DF824208DF825308DF841
:1017000026408DF827605046F9F72CF9934F0022B8
:10171000164614460121904277DC904C21466068C1
:1017200051F8182B04F1180604F12805FFF73EFFC5
:1017300004F1080729463046002317F8012B10F85A
:1017400001CB013382EA0C02102B01F8012BF4D1FA
:1017500094F8361094F8372001F00F0303EB1113BF
:1017600002F00F010B4403EB121313F00F031DD013
:1017700002A9D4F804C00022084601321CF8037004
:1017800001F8017B0133102A03F00F03F5D1226821
:101790007649FFF70BFF2A460023117816F8010B54
:1017A000013341400E2B02F8011BF6D14FF6FF70BA
:1017B000002615F8011B01360BF02CFF102EF8D176
:1017C00080B200287FF42BAF00F010F9002840F021
:1017D000FB806649226801F11000FFF7E7FEB9F1CE
:1017E000000F04D02268624906A8FFF7DFFE614DB2
:1017F0005E4F002645F001055E4540F0BD800BF0D0
:10180000C3FD00240DE780461EE71AF802302D3B89
:10181000392B3FF604AF01A555F823F00D1903004D
:101820001F1603001F1603000519030049190300C2
:101830001119030015190300191903001D190300DC
:101840002119030025190300291903002D1903008C
:101850001F1603001F1603001F1603001F160300A8
:101860001F1603001F1603001F1603003119030083
:1018700035190300391903003D190300411903000C
:10188000451903001F1603001F1603001F1603004F
:101890001F1603001F1603001F1603001F16030068
:1018A0001F1603001F1603001F1603001F16030058
:1018B0001F1603001F1603001F1603001F16030048
:1018C0001F1603001F1603001F1603001F16030038
:1018D0001F1603001F1603001F1603001F16030028
:1018E0001F1603001F1603001F1603003119030003
:1018F00035190300391903003D190300411903008C
:1019000045190300002309B31C010021013202E73D
:101910000223F8E70323F6E70423F4E70523F2E7BD
:101920000623F0E70723EEE70823ECE70923EAE7BD
:101930000A23E8E70B23E6E70C23E4E70D23E2E7BD
:101940000E23E0E70F23DEE70123DCE7BD19234385
:101950002B720C4601360121D8E700BF3C05002060
:101960000000FF015C04FF010002FF01540500209C
:101970007405002080E50300384600F0CDF80446E9
:1019800010B10BF001FD4CE648F68010A847104856
:1019900000F0C2F804460028F3D1B9F1000F11D0CD
:1019A00048F68010A8470B4800F0B6F80446002817
:1019B000E7D148F68010A847074800F0ADF8044684
:1019C0000028DED1013617E74FF0FF3429E600BFCB
:1019D0005C050020740500207C050020024B03609C
:1019E00010330B600020704700000020F8B54FF066
:1019F00080430022C3F8002101221A60D3F800219D
:101A0000002AFBD0414D00242823C5F80C45204670
:101A1000C5F80835C5F810450BF0E9FD0746204626
:101A20000BF0E5FD060420460BF0E1FD46EA0766F3
:101A3000074632200BF0DBFD40EA060343EA0723AA
:101A4000C5F8243520460BF0D2FD074620460BF0A2
:101A5000CEFD060420460BF0CAFD46EA076607469F
:101A600020460BF0C4FD40EA060343EA0723C5F80D
:101A70002835AE200BF0BBFD074620460BF0B7FD26
:101A8000060420460BF0B3FD46EA076607462046EB
:101A90000BF0ADFD40EA060343EA0723C5F81C3509
:101AA00020460BF0A4FD074620460BF0A0FD0604DF
:101AB00020460BF09CFD46EA0766074620460BF0E1
:101AC00096FD40EA060343EA0723C5F820350122C4
:101AD0000F4BC5F82C45C5F83025C5F81445C5F899
:101AE000183541F22103C5F838350223C5F83435DD
:101AF0004FF6FF73C5F83C35064B21219A70DA701A
:101B00000A2219705C701A712046F8BD001000405E
:101B10001E0D01018405002010B5134C014608225A
:101B2000601D0CF0B4F9114B0022C3F80445C3F852
:101B3000002101221A60D3F80021002AFBD00022E4
:101B4000C3F80C2101229A60084BD3F80C21002A1B
:101B5000FBD00022C3F8102101221A61D3F8102112
:101B6000002AFBD0002010BD84050020001000409A
:101B7000094B93F83C2053F8222053F8203092F878
:101B8000451093F9460092F945209042DABF0120B2
:101B900083F84510002070479805002030B51C4B95
:101BA00053F8204094F8503013F07F032DD004F107
:101BB000360010F8042C72B910F8035C5DB910F807
:101BC000022CD2B910F8012CDAB994F85000C043B5
:101BD000C0F3C01030BD0D78954204D14D7810F897
:101BE000032C9542EBD0013B13F0FF0300F10400FE
:101BF000DFD194F85000C009ECE78D789542F2D11E
:101C0000E0E7CD789542EED1DFE70120E2E700BFC3
:101C1000980500200A4B53F82030DA7D93F84C10D9
:101C200022F00102DA7541F001010022DA8183F825
:101C30004C1083F86620A3F86820A3F86C20704746
:101C40009805002010B50F4A52F82030D18F5C8AD9
:101C50001539214419820021D98183F86610A3F82F
:101C60006810A3F86C1093F84E301B0708D502EBF0
:101C70008002136C9A7CD97C0A449A7401221A75EA
:101C800010BD00BF9805002030B51A4B93F87C209A
:101C900095062DD593F83C2093F87D4053F82210FB
:101CA0002407CA7813D593F883404D79A54202F0F2
:101CB000030218D1022A04D093F884408A7994420E
:101CC0000AD193F89E2042F0200283F89E2093F8D8
:101CD0009E00C0F340100AE0002DF8D193F8842054
:101CE000002AF4D103E0002CF1D1022AF6D130BD54
:101CF0000120FCE79805002010B5174991F89F30A6
:101D0000024613F0020005D1D3781BB191F881404F
:101D10009C421CD1937813F07F0405D091F8800089
:101D200020F08000844215D1107830B9547824B95D
:101D300091F8804063401C060AD591F87E308342BA
:101D400008D1507891F87F30C31A5842584110BDDD
:101D50000120FCE70020FAE79805002038B50B4D7C
:101D600095F8A040631EDBB205EB8305013C14F03F
:101D7000FF0409D055F8040990F84C309B06F5D4BF
:101D8000FFF7BAFF0028F1D0204638BD98050020A3
:101D900070B5354B93F83C5093F8A11053F82520BB
:101DA000A94210790DD1C6070BD593F8A21041F0C6
:101DB000020183F8A21093F8A31041F0020183F806
:101DC000A31093F8A41083F8A8006FF3C71183F849
:101DD000A41092F84E40118A83F87C4004F0030668
:101DE000304683F8A960E40692F84F60A3F8A61085
:101DF00083F89F600FD593F8A8400630082844F078
:101E0000080418BF033983F8A84083F8A9001471A7
:101E100018BFA3F8A61093F8AB20002161F382024B
:101E200083F8AB2083F8AA1053F825102022A3F8DA
:101E3000AC2091F84E20D2060AD491F865203AB130
:101E4000B1F86820B1F86C100A442032A3F8AC2035
:101E500093F89E206FF3451283F89E2093F8A920F3
:101E600083F8AE2070BD00BF9805002010B5084B68
:101E7000084993F8AF3010F8012B11F8014B013BE2
:101E8000624013F0FF0300F8012CF4D110BD00BF35
:101E90009805002086E5030038B5144605460BF08A
:101EA0002CFA0A4BC3E92C01401B46BFC0EBC050C3
:101EB0004002400243F609534BBFB0FBF3F0B0FBC6
:101EC000F3F0201A001980B238BD00BF9805002039
:101ED00010B50F4CB4F8BA20B4F8B830D4F8BC1030
:101EE0009B1A9BB243F6095253435A0AC3F30803A1
:101EF0000B44990548BF0132C3F30803D4E930010C
:101F0000C4F8BC300BF0F5F9C4E9320110BD00BFD4
:101F10009805002038B5164C94F8AE30122B1DD819
:101F20001449012505FA03F20A4208D112F4905F20
:101F300015D10D2B12D1BDE83840FFF7C9BFFFF70F
:101F4000C7FFD4E93223C4E93423002384F8D8300E
:101F500094F8D93043F0080384F8D93038BDFFF73E
:101F6000B7FFD4E9322384F8D850C4E93423EFE72B
:101F7000980500203C01060038B5164CB4F8B8307E
:101F8000C51894F8D930DA07ADB206D5A4F8B85020
:101F90006FF3C30384F8D93038BDD4E93001B4F805
:101FA000BA20FFF779FF94F8A430A4F8B8501B07C3
:101FB0000CD46B1E181A80B2B0F5004F06D994F8F5
:101FC000D93023F0090343F00103E3E7BDE83840CB
:101FD000FFF7A0BF9805002010B5074B93F8A42089
:101FE0006FF3C30283F8A420EFF3108472B6FFF7F7
:101FF00033F904B962B610BD9805002010B5074A40
:1020000092F8A43043F0080382F8A430EFF3108470
:1020100072B6FFF72FF904B962B610BD980500201B
:10202000F8B5354C94F8A45015F0200507460E4637
:1020300047D184F8DA50A4F8BA500BF05EF9C4E93D
:102040003001C4F8BC50D4E93001B4F8BA20FFF72D
:1020500023FF0246A4F8B800D4E92C01A4F8BA2062
:10206000C4E93201C4E93001FFF716FF54F8273004
:1020700093F84D206FF30002054683F84D2066BBB0
:10208000FFF7AAFF94F8D930413543F0010384F8F3
:10209000D930A4F8B850FFF73DFFFFF779F894F86E
:1020A000A4309A0644BF43F0010384F8A4301023FF
:1020B00084F8AE3094F8A43043F0200384F8A430C0
:1020C000F8BDB4F8DE30A4F8DC30D4E93A23C4E932
:1020D0003823012384F8DA30B5E793F84E20D1068F
:1020E000D0D506441E8254F8272092F84D3043F094
:1020F000010382F84D30C5E79805002010B5134C58
:1021000094F83C3054F8233093F84400FFF746F835
:1021100094F83C3054F8233093F84300FFF744F828
:1021200094F83C3054F823305B7B04EB4303B3F862
:10213000F000FFF73FF894F83C3054F82330BDE846
:10214000104093F84200FFF741B800BF9805002007
:10215000074B93F8000110F003001FBF93F83C20D9
:1021600053F8223093F84C00C0F30010704700BFC2
:1021700098050020044B4FF00072C3F88020BFF395
:102180004F8FBFF36F8F704700E100E0024B4FF0BD
:1021900000721A60704700BF00E100E010B50C4CFF
:1021A000D4E94201B4F80221A4F8BA20C4E930010C
:1021B000FFF772FEA4F8B800FFF78AFEB4F8B83053
:1021C000A4F80231D4E93223C4E9422310BD00BF90
:1021D0009805002000487047160600200048704708
:1021E000A806002038B5094D55F8204084F8431062
:1021F000FFF7C0FF95F83C30834203D194F84300C9
:10220000FEF7D2FFBDE83840FFF7C0BF98050020B9
:1022100010B5044608460B4901EB4403A3F8F0004F
:10222000FFF7A8FF91F83C30FF2B06D051F8233080
:102230005B7BA34201D1FEF7BDFFBDE81040FFF775
:10224000A5BF00BF9805002010B50A4C94F8A9302E
:10225000082B05D194F89E305B0701D5FFF79EFF50
:10226000FEF7F4FF94F89E3060F3041384F89E3078
:1022700010BD00BF9805002010B5114CFFF7ACFE53
:1022800094F83031DA070ED594F83131052B0AD89D
:10229000234493F83201FEF787FF94F8AF00BDE8BE
:1022A0001040FEF78DBF94F8A4305B0656BF94F83B
:1022B0003C30236854F8233093F84300EBE700BF29
:1022C0009805002008B50F4B93F8AE20122A03D1D1
:1022D000FFF764FF012008BD132A01D00020FAE7B0
:1022E000D3E93001C3E93A01D3E94201B3F8BA2096
:1022F000A3F8DE20B3F80221A3F8BA20C3E9300125
:10230000ECE700BF980500202DE9F047DFF850A06A
:1023100004460F4615460AF5A0780AF5A8790DB9C6
:10232000BDE8F087DAF83831102D2E4628BF102688
:102330000BB1404698470B48A219394614F8013BA7
:1023400010F801CFA24283EA0C0301F8013BF5D15A
:1023500037444846AE1B1446F5B20BF09CF8DEE756
:1023600098050020F70600200C4BD3F87C21B3F829
:102370008011C3F87021A3F878110022FF21C3F85F
:10238000742183F8A110A3F8822183F88411A3F8A3
:10239000862183F88821C3F88C2170479805002096
:1023A0000D4AB0F5807F28BF4FF4807030B54023D0
:1023B000A2F880010024984205D10CB1A2F8800156
:1023C000C2F87C1130BDB0EB430F4FEA4305AEBFFE
:1023D000ABB218460124EEE798050020064B53F8EF
:1023E0002020517153F82020D37803F00303022BEF
:1023F0001CBF090A917170479805002070B4084D00
:1024000055F8206086F82F1055F8206086F83020A7
:1024100055F8202082F8313070BCFFF7E3BE00BFD2
:10242000980500202DE9F047294B002193F8A09052
:102430009A464FF00D080A464FF0040E4FF46850CC
:102440004FF0030C14243C250226CFB2B94504D822
:1024500000238AF89031BDE8F0871F6887F81C8058
:1024600053F8047B7A7753F8047C87F81EE053F81E
:10247000047C388353F8047C788353F8047C87F811
:102480001FC053F8047C87F8204053F8047C87F879
:10249000215053F8047C87F8472087F8486087F874
:1024A000282053F8047C87F8292053F8047C87F807
:1024B0002A2053F8047CFA8453F8047C7A8453F875
:1024C000047CBA8453F8047C013187F82B20BCE7E4
:1024D00098050020054B53F8203093F84720D20789
:1024E0004CBF93F8480093F82B00704798050020E4
:1024F00037B52F4C94F8D9301A0725D56FF3C3039D
:1025000094F83C0084F8D930FFF7E4FFF0B10138CB
:10251000C0B201288CBF0325012594F8D800B8B1BA
:1025200094F8A42094F8AF3002F001020092DB008E
:10253000D4E93401E1332A46FEF7FCFC94F8A430D8
:102540006FF3000384F8A43003B030BD0225E4E744
:1025500094F8AE30122B0FD1FEF73EFEB4F8AC303B
:1025600043F6095253430122019294F8A42002F049
:10257000010200925B0A0EE0132B12D14FF4966019
:10258000FEF72AFE0123019394F8A43003F001031F
:10259000009340F2AC63D4E934012A46FEF73AFDD9
:1025A000CCE7B4F8AC30019043F609525343DCE772
:1025B0009805002070B5584991F83C2051F820301A
:1025C00082420ED093F84E4004F00302022A66D1F4
:1025D00091F99121002A4EDA1A7F12072AD400229B
:1025E0001FE093F828206FF3000283F8282051F8A9
:1025F000203093F828206FF3820283F828200023EC
:1026000081F8903151F8203093F84E4004F00302E5
:10261000022A44D191F8A920082AD9D11A7FC2F3FD
:10262000C00251F8203093F84E10890748BF83F854
:102630002B2070BD93F82820DC8C96074CBF93F8B4
:10264000202093F82120120194420DD30022DA8435
:1026500051F8204094F8283083F00202C2F340027F
:1026600062F3410384F8283051F8203093F8282091
:10267000C2F34002D5E793F82A20013283F82A20DA
:1026800051F820301A7F1507A9D593F82A409A7F70
:102690009442A4D3002283F82A200122C1E7032A0E
:1026A0009DD11A7F12F001020DD014F0100424D035
:1026B0005C8C1D8BA5422BD84FF6FF75AC4208BF32
:1026C000022200245C8451F8204094F82930013320
:1026D00084F8293051F820301C7FA407A1D593F845
:1026E00029405D7FA5429CD8FF2C4FF0000414BF09
:1026F0000122022283F8294093E79D8C5E8BAE4233
:1027000008D84FF6FF76B54208BF02229C84DAE76C
:102710000022D8E72246D6E79805002010B5394BAD
:1027200093F8A920092A17D193F83C0053F82010F8
:1027300091F82B206AB94A8C4C8A224492B24A847E
:1027400053F8202092F8283043F0010382F8283013
:1027500010BD4FF6FF72F2E7033A092AF8D801A13B
:1027600051F822F08D27030097270300BD270300AF
:10277000512703005127030051270300512703006D
:102780005127030051270300BD27030093F83C2085
:1027900053F82220D6E793F83C2053F8223093F8E0
:1027A0002820D007D4D493F82B201AB14FF6FF720B
:1027B0005A84CDE75A8C598A0A44F9E793F80021E4
:1027C0009107C5D093F83C2053F822100A7F520796
:1027D000BED593F8902191F82B000132D2B283F844
:1027E000902130B1022281F82B20002283F8902121
:1027F000AEE7CC7F94429EBF012281F82B2083F864
:102800009001A5E798050020144B93F8A920092A08
:102810000AD193F83C2053F8223093F84E20510609
:102820001BD500225A847047032A0AD193F8A420AA
:10283000D20612D593F83C2053F8223000229A8415
:102840007047042A09D193F83C2053F8222092F8CB
:10285000283013F0010308BF538470479805002007
:10286000092911D1124A52F8203093F84E1011F074
:10287000100F4FF6FF7114BF5984998452F820301D
:10288000FE2283F82920704702290CD1084B53F807
:10289000203093F84E20D20605D493F82B201AB19D
:1028A0004FF6FF729A8470479A8C598A0A44F9E766
:1028B00098050020054B93F83C2053F822301A7FEE
:1028C000520744BF012283F82B207047980500204F
:1028D000104A92F87D0092F8A81092F83C3001431B
:1028E000880652F8233006D51A7F510711D50222E7
:1028F00083F82B20704793F8281011F0040104D0BE
:102900001A7F520705D50122F2E783F82B1082F8CF
:102910009011704798050020054B93F99121002AEA
:10292000BFBF53F82030DA8C8918D984704700BFB4
:1029300098050020084901F5C9730B60012381F84F
:10294000A03081F8723201F20223C1F874325B20A8
:1029500001F21721FFF724BD98050020F8B54E4C71
:102960000023FF2284F8D93084F8EC2204F14001DE
:102970001F4604F51D7606EBC30501330F2B41F806
:10298000047B2A71F7D1454DC4F8F05238B1FFF7F6
:10299000D1FF14352023C4F83C53A4F88033FFF74B
:1029A000E3FCFFF73FFDFF23022284F8833384F822
:1029B0003C300D23002584F8822384F8A42084F879
:1029C000AF3040F68A420323012684F8005184F890
:1029D000845384F8856384F8AB5084F8865384F874
:1029E0009E5084F8A850A4F88853A4F88A5384F819
:1029F000AE5084F89F5084F88C3384F8A250A4F829
:102A00008E2384F89033FFF7F9FA42F25B5128469F
:102A1000FFF7FEFB751C304642F25B51EEB2FFF74A
:102A2000F7FB082EF6D194F8913194F8A0106FF3CB
:102A3000C713013984F891310323002284F89133BC
:102A4000C8B24FF6FF7384F89223A4F8943384F845
:102A5000962384F8973304EB80014FF47F464FF4BC
:102A6000BD75013851F80439C0B2FF28A3F84C20D5
:102A7000A3F84E20A3F85060A3F86050A3F862209A
:102A8000A3F8642083F86620A3F86820A3F86C20DC
:102A9000E7D184F89803F8BD98050020C408002009
:102AA000F8B501784B1E0E2B054675D84278914239
:102AB00072D34468002C6FD00089002851D00229BD
:102AC00081BF8B1EDBB2C3EBC30304EB031398BFC0
:102AD00023460026F7B2974244D36D88202D88BF45
:102AE00003EB45039BB2A6B29F1BBFB2B84253D3C0
:102AF0003044C01A80B23F284ED9284B012903F533
:102B0000C97683F8A01083F872221E6008D003F201
:102B100002265E60274602265FFA86FC614527D8BA
:102B2000022938BF022102391D4EC9B2C1EBC101D1
:102B300004EB011106F17C0C002406F1B80EE7B29B
:102B4000BA421AD8202D8CBF0A46164AC3F83C2335
:102B500094BF202501EB4501A3F88053FFF720FC2B
:102B60000120F8BD16B915330136B3E72533FBE76D
:102B700043F8267070370136CEE746F8341001F17D
:102B8000150724B9C3F8F0E201343946D7E74CF809
:102B9000247001F12507F7E70020E2E798050020FF
:102BA0000C080020D8080020034B93F8A40080F004
:102BB0000800C0F3C000704798050020044B53F88C
:102BC000203093F84C0080F02000C0F34010704794
:102BD00098050020024B93F88603C0F3001070475D
:102BE0009805002038B5174CFFF7C4FA054684F85D
:102BF000EC0254F820000AF0CDFB94F83C30AB42D4
:102C000019D194F8D920920715D5027882F055028F
:102C1000027054F823104A7882F055024A7054F832
:102C200023108A7882F055028A7054F82320D378D2
:102C300083F05503D370FFF7A9FAFF2384F8EC3231
:102C4000002038BD9805002070B5124EFFF792FAAB
:102C500056F820300D46598AA942044612D21A8AE3
:102C6000521A1A8256F82020138A2B44138296F89F
:102C70003C30834206D196F8A4301B0702D50021D0
:102C8000FFF7CEF956F824305D82BDE87040FFF7BB
:102C90007DBA00BF9805002070B5494C94F8D93032
:102CA0009E0700F1878094F8003194F87C209D07FE
:102CB00014D194F89F30580710D5D1060ED594F949
:102CC000A830002B0ADB94F83C1094F8A83054F894
:102CD000211063F05D0384F8A8300B7194F8A830DC
:102CE00013F0010302F008023BD0B2B394F8AF2016
:102CF0003448C4F89C030E2A27D9063A0023D2B2DE
:102D0000811D2430FFF700FBD4F89C3394F8C323D3
:102D10005A7194F83C302B4854F823100AF03AFBCF
:102D2000D4F89C3394F8C2231A7194F8A8301A0787
:102D300004D5411D08223C300AF0D7FB94F8AB3093
:102D400043F0800384F8AB3070BD053A411D002389
:102D5000D2B22330FFF7D8FADBE71B4BC4F89C3321
:102D6000F2E794F83C1054F8210002B3154D94F8A2
:102D7000AF20C4F89C53053A6E1DD2B231460530DF
:102D8000FFF7C2FA94F83C30D4F89C0354F82310AF
:102D900005220AF0AAFB94F8A8301B07D4D53146C7
:102DA00005F13C000822BDE870400AF09EBBC4F863
:102DB0009C03C9E794F83C3054F82330CEE700BFB9
:102DC00098050020380900205609002070B52C4CC9
:102DD000FFF762FFFFF700F994F83031D8073BD5D1
:102DE00094F83131052B37D8234493F83201FEF79C
:102DF000DBF994F8AF00FEF7E3F994F8D92094F8E2
:102E0000A83084F8C233920758BFD4F89C23D4F872
:102E10009C5358BF1371DB072FD594F8AF600D2E6C
:102E200006D994F9AB30002B22DA2846FFF71EF8BA
:102E300094F8AB306FF3C71384F8AB3031462846B3
:102E40000AF04CFA94F8EC2294F83C309A4216D1ED
:102E5000BDE87040FEF7C6B994F8A430590656BFD5
:102E600094F83C30236854F8233093F84300BEE7CD
:102E70002B7983F0ED032B71DAE70D21DFE770BDCD
:102E8000980500200146102201480AF02EBB00BF21
:102E9000D80600200146102201480AF026BB00BFD8
:102EA000E80600202DE9F047204D814605F5B87071
:102EB00014460F460AF009FB844234D8B5F8743141
:102EC000B5F87861D5F87CA1F61AB6B2B4420AEB2F
:102ED00003001CD8224639460AF007FBFFF74AF9DF
:102EE00019F0200F1EBF95F8863343F0800385F854
:102EF0008633B5F874311C44B5F87831013B1C4079
:102F0000A5F87441FFF742F95020BDE8F0875FFA59
:102F100086F8424639460AF0E8FAA4EB0802D2B233
:102F2000B9195046D8E72220EFE700BF98050020E6
:102F30002DE9F843124E0C46B6F87851B6F87611E2
:102F4000D6F87C916D1AADB2AC42804649440DD89A
:102F500022460AF0CAFAB6F876311C44B6F878313F
:102F6000013B1C40A6F87641BDE8F883EFB23A4633
:102F70000AF0BBFAE21BD2B2494608EB0500E8E7CB
:102F80009805002070B5194E044606F5B8700AF091
:102F900093FAC900CDB2832300218542617023706A
:102FA0000DD8A01C2946FFF7C3FF96F98633002BE6
:102FB00003DA0F480AF080FA88B1012070BD96F953
:102FC0008633002B10DA01236370C308A370C5B2E7
:102FD0000722E01C0AF004FB04F10A00E2E7237870
:102FE00043F020032370E8E70846E7E79805002050
:102FF0000807002038B50E4D044605F5B8700AF0F4
:103000005BFAA0B12046822300F8013B0821FFF7BC
:103010008FFF95F98633002B08DA05F5B8700AF0B2
:103020004BFA18B9237843F020032370012038BDF0
:103030009805002038B5624C94F87D5094F8A4307F
:10304000C5F3400262F3C71384F8A4302B0640F1A5
:10305000B38094F80021900727D094F8A83085EA2F
:10306000030041061FD510F0100F03F0400102D1FC
:1030700019B903200BE00029FBD1A90603F02003B6
:103080000FD5550704D5002B0CBF0520042038BDF3
:103090004BB994F8A83043F0200384F8A8300220FC
:1030A000F5E7002BFBD00520F1E715F0500340F0C9
:1030B00085800D2294F8AB0084F8AF2094F890231B
:1030C00084F8E523B4F88E23A4F8E623C0F30012B5
:1030D000520120F0380002F03802024394F8A810A0
:1030E00084F88213500684F8AA3084F8303184F8CA
:1030F000E43384F8AB202CD5012284F8AA2094F87C
:103100007E2084F8BE2394F87F2084F8BF2394F8AF
:10311000802084F8C023222094F8812084F8C123E1
:1031200084F8C303032294F88C0384F8C22341F08B
:10313000010184F8C40384F8C52384F8C63384F8F5
:10314000C73384F8C83384F8C93384F8CA3384F8A1
:10315000A81094F87C30190723D5EA0721D5DB069F
:103160001FD51849002301F10C00082284F8F03320
:1031700084F8F13384F8F23384F8F33384F8F433C9
:1031800084F8F53384F8F63384F8F7330AF0ADF9B0
:103190000D48FFF77FFE94F87C3043F0040384F879
:1031A0007C3094F8A83025F00F0503F00F032B4373
:1031B00084F8A83001206AE7002068E7072066E766
:1031C000980500207409002080090020F8B5244CDF
:1031D0000B4654F8201091F84E5015F003053BD1E2
:1031E000072A3BD8B02681F846604FF48446A1F800
:1031F0004260022681F84A6094F9916181F8445056
:10320000002EACBF4FF49E7638268E8254F82010E4
:10321000DE065ABF0A268E758D7554F820100026DA
:10322000CE7554F8201002270F7181F8496023F001
:103230000F0354F8201043F0010381F84E304FF48F
:1032400000534B8254F8203031465A73FFF7C6F8CA
:1032500084F830612846F8BD1525FBE72925F9E7F4
:103260009805002038B50F4D0C4655F82010620720
:1032700081F84F400AD5002281F82E2055F82030E1
:1032800003219A854B232722FFF7B8F834F0370340
:1032900006D1A20601D4002038BD85F89233FAE7A2
:1032A0003320F9E798050020F8B50D46234951F879
:1032B000206096F84F309C063CD496F84E2002F0E1
:1032C0000304012C36D191F8A47017F0400431D1D9
:1032D00055B1D20630D5D9062ED4A5F585739BB24B
:1032E00047F6F562934227D896F94C30002BACBFD5
:1032F0002023A023A6F84C3096F84E30022262F329
:10330000010386F84E30FEF785FCBA0608D429463C
:10331000FEF730FFFEF784FEFEF738FF2046F8BDCB
:1033200096F84F30DB0601D4002DF7D0294600F087
:1033300069F9F3E71524F1E73324EFE79805002056
:1033400030B53B4A92F8A13085B0C4B2A342ADF883
:103350000400C0F3072506D1A5F13803012B9CBF5B
:10336000FF2382F8A13052F8243093F84F10490718
:103370000ED593F84E1011F0100137D0062D0BD05A
:10338000072D2FD0052D03D152F8243000229A8525
:1033900044EA052005B030BD988D598A01449985CD
:1033A00052F82430998D8142F2D893F82E100331CF
:1033B00083F82E1052F8243093F82E00997D88421D
:1033C000E6D9002183F82E1052F8243093F84300F8
:1033D00093F82F2093F83010904223D12046FEF727
:1033E00001FFD5E7002183F82E10CDE7082DEBD0A3
:1033F0000BD8012D12D0072DCAD193F82E20052A03
:1034000009D82046FFF750FFC2E7802DC0D193F8BE
:103410002E20052ABCD883F82E10B9E793F82E1079
:103420000131CFE788420CBF93F831101146D5E740
:103430009805002037B50C46FFF712FA21460546DD
:1034400000F0AAFA00F17D03DBB2012B04468DF8EF
:1034500004500DD880238DF8053001980021FFF726
:103460006FFF2B4B93F886335A071ED503B030BD40
:103470008DF8050001980021FFF762FF621ED3B2AC
:10348000092B09D801239340214AB2F882110B423B
:10349000ECD192F88633E7E7FF2CE7D01C4B93F88A
:1034A00086335B07E2D4002CE0D0194BB3F88A13C3
:1034B000B3F880034A1C92B29042A3F88A239CBFBF
:1034C0000022A3F88A23B3F88A03B3F88823904232
:1034D00012D193F8862342F0040283F88623352420
:1034E000D3F83C3303EB410203F81150547003B09E
:1034F000BDE83040FEF72CB8802C01BF53F8250002
:1035000090F84D2042F0020280F84D20E8E700BF1D
:103510009805002070B53A4C94F8AE3094F83C50C1
:10352000102B54F8250017D194F89E309B0703D533
:1035300004F57E7109F02EFF94F89E306FF341037D
:1035400084F89E3094F8A4305E0615D5002384F8E4
:103550003C30112384F8AE3054F8253094F8A8207C
:103560001A7194F8A4305B065EBF54F8253094F8C5
:103570007C2083F84E2070BD94F88633DA06EBD5B4
:1035800094F88323FF23AA4208BF84F8833384F886
:103590003C3090F84F3013F0200613D094F8863367
:1035A00094F87C2013F0080F0CBF0121022103F0D6
:1035B000EF0361F301026FF3C30384F87C2084F806
:1035C0008633C9E707212846FFF734FF94F886338E
:1035D00066F3041384F8863394F87C30012262F396
:1035E000010384F87C3094F9A830002B03DA06211B
:1035F0002846FFF71FFF022384F8A830ACE700BF7E
:103600009805002070B5384CFEF7B4FD54F8203012
:10361000B3F84E2022F4FF5222F01C0292040E4610
:10362000920C42F201018A42054609D10022A3F818
:103630004C2093F84E20022161F3010283F84E20C2
:1036400094F8A4309B0607D431462846FEF7E8FCE0
:10365000BDE87040FEF79ABDD4E93001B4F8BA2055
:10366000FEF71AFC54F8252092F84D106FF3000174
:10367000034682F84D106EB192F84E10C80609D577
:103680009919118254F8251091F84D2042F0010249
:1036900081F84D2094F8A42011070AD594F83C2015
:1036A000FF2A17D054F82220108AC01A80B250285E
:1036B00010D854F8253093F84F309A06C8D594F8AE
:1036C0003C30AB4202BF94F8863343F0080384F8E1
:1036D0008633BDE794F88633DB06B5D5102384F82E
:1036E000AE30FFF717FFAFE7980500202DE9F04156
:1036F0005A4C94F8A4300D46114613F04002064689
:1037000002D040B931203AE054F8203093F84E30DE
:103710009B0700F0A08054F8260090F84E30DF069A
:1037200011D490F84F7003F0400C07F0200757EACF
:103730000C0740F0908032B92F0604D503F0030344
:10374000012B40F28880FEF715FD94F83C7084F858
:10375000EC6205F0A005BE4245F0020511D194F8D7
:103760000031002B5BD05A074BD494F98223002AF6
:1037700039DAFEF70BFDFF2384F8EC321F20BDE899
:10378000F08194F886339B0652D490F90430002BD4
:10379000EFDB037903F004031D43057154F8268021
:1037A000082208F1050009F0A0FEBE4206D194F8F7
:1037B00000311BB92A0601D5FFF77CF898F84C3088
:1037C0006FF3451388F84C30FEF7E0FCFF2384F8D4
:1037D000EC3298F84F309B0603D500213046FFF7B6
:1037E00011FF5020CBE794F8862312F020021FD15E
:1037F00062F3C30384F8825384F8003194F8A8502C
:10380000C7E794F886339A060DD56FF3451384F80D
:10381000863394F8A8302B4384F8A830EEE794F868
:1038200086339B0604D490F90430002BF1DAA0E72C
:1038300094F886336FF3451384F8863394F89833FD
:103840006FF3871384F89833FEF7A0FCFF2384F806
:10385000EC32212093E7152091E700BF9805002066
:10386000F8B54C4C94F88821012A40F09180B4F8C6
:103870008631002B00F08C80D4F88C3103B11A70A3
:103880008226B4F886514DB9022384F88831D4F8E1
:103890008C31002B76D01D705020F8BD94F8FC338D
:1038A0009A0702D5082D08BFA026DB0794F88401EB
:1038B000D4F8007421D454F8203093F90430002B4C
:1038C00015DA082239463046FFF7ECFA5028E3D1E2
:1038D0000837C4F80074083DB706A4F88651D0D55F
:1038E00094F8863343F0800384F88633C9E794F86C
:1038F000863343F0200384F886333A463146FFF797
:10390000F5FE5028C9D1D4F8003494F8FC230833CC
:10391000C4F80034B4F88631D507A3F10803A4F83D
:103920008631AED594F8AB30580612D594F8001114
:1039300009BB43F0100384F8AB30B4F88E33A4F81D
:10394000E63394F8903384F8301184F8E41384F863
:10395000E53394F8843184F8A13094F8863300215B
:1039600061F3C71322F00102C4F8741184F886339E
:1039700084F8FC2385E749075CBF43F0200384F803
:10398000AB30E6E794F8A1001121FFF753FD83E780
:10399000212082E79805002010B50F4B93F8842171
:1039A000824217D1062910D8042913D9D3F88C41A3
:1039B0000022FF2083F88401A3F8862183F8882160
:1039C00004B1227083F8A10004E0852902D1FFF739
:1039D00047FF0021084610BD9805002010B5134C84
:1039E00094F8A4305B060AD5FFF794FDFEF7B6F90C
:1039F00054F8203084F83C001B7984F8A83094F8FF
:103A0000A80010F004030CD194F83C2054F82220B4
:103A100092F84C0010F0200005D1BDE81040FEF7F0
:103A200033B9012010BD1846FCE700BF98050020FF
:103A300010B4124B93F83C0053F8201091F8512029
:103A4000FF2A0BD0940609D593F8A44022F0200257
:103A50006FF3820483F8A44081F8512093F8A430D6
:103A60005B0709D4B1F84C3043F01003A1F84C3097
:103A700010BC8021FFF7DEBC10BC70479805002009
:103A800038B5154C94F87D30DB0721D5E0B994F8B2
:103A9000093404F20945012B15D894F83C0054F878
:103AA0002020B2F84C3043F01003A2F84C302978B3
:103AB0007D39C9B2FFF7BEFC94F8AA302B70B4F878
:103AC0008E33A4F8E63338BD254615F8833FE2E788
:103AD000BDE83840FFF7ACBF98050020F8B5634C4F
:103AE00094F8A8305A066CD494F87C2002F01401A3
:103AF000002854D0042914BF05213821022384F85A
:103B0000A8300123062084F8310194F8AB0094F822
:103B1000A85000F0770084F8AB000D2294F88603DB
:103B200084F8AF20002284F8AA2084F8302184F899
:103B3000E42362F3861094F8A22084F8860315F03B
:103B4000010014BF42F0020202F0FD0284F8A2203C
:103B500094F8A32018BF012060F3410284F8A32049
:103B6000A1F13802012A98BF94F87C2094F83C0017
:103B70009CBF6FF3820284F87C20002284F800212D
:103B800054F82020157154F8202092F84C4063F32B
:103B9000451482F84C40BDE8F840FFF74BBC0429BF
:103BA00003BF60F3C30284F87C203921062113F09F
:103BB000200302BF94F8982363F3871284F89823B4
:103BC0009CE794F8001100294ED094F87C3003F063
:103BD000140300283FD1142BB4F88A63B4F8883357
:103BE000D4F83C0394F83C20B4F8807314BF04214B
:103BF0003921B3421AD154F82220B2F84C3023F4C0
:103C00000473A2F84C3094F8AB30C3F3401223F0A5
:103C1000300343EA021384F8AB3094F8823384F81B
:103C2000A83094F80031C3F3C0036BE700EB430501
:103C300095F801C0BCF1800F07D110F813C094456E
:103C400004BF4FF0FF0C85F801C001339BB2BB42AB
:103C500028BF0023CDE7142B04D00020FFF710FF6E
:103C60000021D0E73821CEE70B464BE7980500202E
:103C700070B4394B024693F83C0053F8201091F889
:103C80004E40E50604D5897DFF2924D170BC7047DC
:103C900091F84A10FF29F9D00A241178A142F5D3EE
:103CA000091B117053F8204094F84E5015F0100580
:103CB00013D051780131C9B2517053F82000807D82
:103CC0008842E3D893F89E1041F0080183F89E10D3
:103CD00000235370DAE70124DFE793F8AB1011F00B
:103CE000010625D054780134E4B2547053F82060B2
:103CF00096F84A60A642C9D8557053F8202065F35B
:103D0000000183F8AB10917D0029BFD193F8912178
:103D1000940603D561F3451283F8912193F8862325
:103D200042F0100283F8862370BC0121FFF782BBAA
:103D3000A17DFF29AAD051780131C9B2517053F841
:103D40002020927D8A42A1D893F891219106E5D551
:103D500066F34512E0E700BF980500202DE9F04129
:103D6000B14C94F87C30190705461CD55A070AD582
:103D700094F87D301B0706D5082204F1830104F571
:103D8000777009F0B2FB94F8AF200E2A8BBFA749D9
:103D9000A749063A053A87BF0123D2B20123D2B21E
:103DA0000846FEF7B1FA012D46D894F8A4306FF317
:103DB000820384F8A43094F83C3054F8233093F80C
:103DC0005120FF2A23D094F9820094F88210002811
:103DD00009DA17061BD501F0A001A02917D194F824
:103DE00000118E0713D1934E02F01F0206F5687181
:103DF00003F1560001EBC2025E3310F8011F16F802
:103E000001CF12F8017B81EA0C010F420BD0072D84
:103E100030D8DFE815F088038D03B9034604370472
:103E20002F002F048A038342E7D194F8A43043F093
:103E3000040384F8A430EAE7022D01D0042DE6D172
:103E400094F87D2094F8AB3012F0010203F01008D2
:103E500013D1B8F1000FDAD062F3041384F8AB3059
:103E600094F8A83062F3000384F8A83094F8A230E4
:103E70009807CCD5002000F006BC94F8A86006F0A6
:103E8000010358EA0303C2D094F83C706A4854F81E
:103E9000271009F07FFA94F8003113F0040300F0C2
:103EA0001782B8F1000F00F0938194F8E433042BEB
:103EB00006D8013B032B1ED8DFE803F0515F8AC010
:103EC000FF2B36D094F8E433FE2B40F0EB8094F8CF
:103ED000A330002B40F0DE8094F8AB306FF3041376
:103EE00084F8AB3054F8273093F828206FF382021F
:103EF00083F828206CE194F88330222BBAD194F80F
:103F0000843094F88C0394F88510834228BF0346CC
:103F100084F8AA3094F8A23033EA0100AAD194F8C8
:103F2000320401400B4384F8A330FF2384F8E433C8
:103F3000C8E794F88330222B9CD194F8AA30DB0098
:103F4000063384F8333494F8A33023F0030103F0EC
:103F5000030384F8301184F8A330FE23E6E794F8D5
:103F60008330242BAED194F8303143F0010384F830
:103F70003031FE2384F83131D8E794F88330292B8F
:103F8000A0D194F8303194F8851084F8341443F0BB
:103F9000020394F8861084F8303194F8843084F861
:103FA000351494F8871084F83614012B94F888108F
:103FB00084F837143FF45EAF04EB870394F889006C
:103FC000196C08701B6C94F88A1059700323ADE7C4
:103FD00094F883302A2B7FF475AF94F8303194F83D
:103FE000840043F0020384F8303104EB8703196C3A
:103FF0008870196C94F88500C870196C94F8860064
:104000000871196C94F887004871196C94F888004D
:104010008871196C94F88900C8711B6C94F88A1027
:104020001972042382E700BF980500201C060020B7
:104030001B0600201A0600205609002094F8833041
:104040002B2B7FF43FAF94F8303194F8840043F089
:10405000020384F8303104EB8703196C4872196C41
:1040600094F885008872196C94F88600C872196CEF
:1040700094F887000873196C94F888004873196CD9
:1040800094F8890088731B6C94F88A10D97364E7DC
:104090005200D2B21342FBD023EA020384F8E42395
:1040A00084F8A33094F8E43354F82710042B0DD887
:1040B000002B3FF411AF023B91F8280046F00102BB
:1040C000022B2CD8DFE803F08BB6DD00FF2B7FF44A
:1040D00003AF202384F8C33394F8AA3084F8C433A0
:1040E00094F8A33084F8C53346F00102002384F825
:1040F000C63384F8C73384F8C83384F8C93384F8E6
:10410000CA3384F8A82084F8C2230D2384F83334FA
:1041100091F8283043F0040381F8283058E0B4F8CF
:10412000B83091F8437003F00F030C2B28BF0C2319
:1041300007F00F0E03F12A06082B03F1030C83EAA4
:104140000E0308BF30260C2B28BF0C2303F13708C1
:1041500003F1100EB8F1390F84F832C184F83561DB
:1041600084F833E184F8368104D094F83781B8F1CB
:10417000420F03D103F1350884F8368183EA17131F
:10418000D2B20C2B84F8A82084F8C2234FF023026B
:1041900028BF0C2384F8C323FE2203F11D0784F8F3
:1041A000C423443394F8362184F8347184F83731C9
:1041B00084F8C5C384F8C6E384F8C77384F8C86379
:1041C00084F8C92384F8CA3340F0040081F8280039
:1041D00094F8AB3043F0080384F8AB3017E604EBF7
:1041E0008707262384F8C3333B6C5B7C84F8C43395
:1041F00094F8383484F8C53394F8393484F8C633E5
:1042000094F83A3484F8C73394F83B3484F8C833CC
:1042100094F83C3484F8C93394F83D3484F8CA33B4
:10422000D2B294F83E3484F8A82084F8C22384F8EB
:10423000CB33C9E7272384F8C33394F83F3484F899
:10424000C43394F8403484F8C53394F8413484F886
:10425000C63394F8423484F8C73394F8433484F86E
:10426000C83394F8443484F8C933D2B294F845344E
:1042700084F8CA3384F8A82094F8463484F8C2231A
:10428000D5E7282384F8C33394F8473484F8C4333B
:1042900094F8483484F8C53394F8493484F8C63324
:1042A00094F84A3484F8C73394F84B3484F8C8330C
:1042B00094F84C3484F8C933D2B294F84D3484F86D
:1042C000CA3384F8A82094F84E3484F8C223AEE7A9
:1042D000222084F8C63384F8C73384F8C83384F8BE
:1042E000C93394F8833084F8C30394F88C0384F8BA
:1042F000C403203B032084F8C503082B00F20E8181
:10430000DFE813F009000C010C0117000C010C018F
:1043100046009800D20094F8843094F8852084F800
:10432000AA3084F83021DB00062284F831211344BE
:10433000ECE694F884E094F885C094F8867094F8DC
:10434000876094F8880094F8892094F88A3084F87B
:1043500031E14FF0240884F832C184F8337184F8D5
:10436000346184F8350184F8362184F8373184F8D3
:10437000C38384F8C4E384F8C5C384F8C67384F89F
:10438000C76384F8C80384F8C92384F8CA33BFE636
:1043900004EB870394F88400196C487494F8851032
:1043A0001E6C84F8341494F8861084F8351494F84C
:1043B0008710737C84F8361494F8881084F83714C6
:1043C00094F8891084F83C14013B94F88A1084F81E
:1043D0003D14012B94F88B1084F83E1406D8CE4976
:1043E0003846FDF7DBFB80F00102D2B2292384F8C6
:1043F000C33394F8383484F8C53394F8393484F8E6
:10440000C63394F83A3484F8C73394F83B3484F8CC
:10441000C42384F8C833337854F8272084F8C93388
:10442000737884F8CA3392F8283043F0040382F892
:104430002830CDE694F8843084F83F3494F8853001
:1044400084F8403494F8863084F8413494F8873006
:1044500084F8423494F8883084F8433494F88930EE
:1044600084F8443494F88A3084F8453404EB8707A0
:1044700094F88B3084F846342A2384F8C3333B6C99
:104480009A7884F8C423DA7884F8C5231A7984F8F2
:10449000C6235A7984F8C7239A7984F8C823DA792D
:1044A00084F8C9231B7A70E794F8843084F8473481
:1044B00094F8853084F8483494F8863084F8493488
:1044C00094F8873084F84A3494F8883084F84B3470
:1044D00094F8893084F84C3494F88A3084F84D3458
:1044E00004EB870794F88B3084F84E342B2384F840
:1044F000C3333B6C5A7A84F8C4239A7A84F8C52370
:10450000DA7A84F8C6231A7B84F8C7235A7B84F8A6
:10451000C8239A7B84F8C923DB7B36E791F82830DF
:104520006FF38203F8E5FFF783FA0020BDE8F0811E
:1045300094F8A83083F0500384F8A83094F83C3005
:1045400054F8232092F84C304FF00101C3F340138C
:1045500063F3C30184F8001192F84C3023F0220376
:1045600043F0020382F84C3094F87C3003F01403DB
:10457000142B05D094F87D30990601D4FFF758FA32
:10458000FEF798F90120D1E794F8003194F8A8508B
:1045900003F00C0343F0020384F8003194F8AB30CD
:1045A00013F0080218BF94F8902384F8E52394F8D8
:1045B000862385F010056FF3861284F886236A0639
:1045C00084F8A85009D594F87D309B0602D40120C8
:1045D000FFF756FAFEF77CF9D4E713F010060BD07C
:1045E00094F8AB3043F0800384F8AB3094F83C008F
:1045F0008521FEF71FFFEDE7EF0726D594F8AA10F7
:104600004648FEF7BFFC94F83C20A8B194F8A830C7
:1046100094F8C2130B4384F8A83084F8C233B4F87A
:104620008E33A4F8E63354F8223093F84C2066F326
:10463000451283F84C20D3E754F8222092F84C30EE
:1046400043F0200382F84C30D0E794F83C3054F823
:104650002360301DFEF7CEFC28B133791D4384F86A
:10466000A8503571C2E796F84C3043F0200386F825
:104670004C30BBE794F80031580707D494F8A830C1
:10468000990603D50120FFF729FA4EE794F83C304C
:1046900054F8233093F84C3013F0100308BF84F81B
:1046A000833094F8001101F0F0034F2B3FF6E2AB9A
:1046B00094F8AB301A071AD5B4F8E653BDB14B07DE
:1046C00011D4FDF745FD90B1252384F8C333013D96
:1046D000A4F8E65394F8003123F0030343F00303F6
:1046E00084F800314EE794F88330252BEFD0103159
:1046F000C9B201F0F003502B84F80011EAD194F80C
:10470000E533002BE6D001F00F01013B84F80011E6
:1047100084F8E533DEE700BFCC0900205A09002009
:1047200038B5264C94F83C0054F8205095F84F309A
:10473000DB0701D4FDF786FA95F84D3013F002033C
:1047400004D0BDE838400B21FEF774BE95F84C202C
:1047500063F3410285F84C200120FDF795FAA0B1E2
:1047600094F8A930122B07D194F88633990703D512
:1047700094F87D301A0708D5062384F8A93094F8F8
:104780007C303F2B0ED9FFF753F994F83C3054F8A6
:10479000230094F8A4305B0709D594F8823080F8A0
:1047A000563038BDFEF746FCFFF7D8FAEDE7BDE816
:1047B000384003490D22523008F097BE980500207A
:1047C000160600202DE9F047C14C94F83C6094F89F
:1047D000A92054F8265094F8823094F87D8084F80B
:1047E0007D30911E05F10E07122900F26C82DFE880
:1047F00011F03A00750197023A026A026A02130048
:104800006A026A026A026A026A026A026A026A0248
:104810006A024E016A02750194F8A430DA061DD4CA
:1048200094F89E20D30619D42B8A698A0B449BB234
:1048300050074CBF533303339BB22B820023EB81D1
:1048400094F87C3054F8262043F0030384F87C303D
:1048500092F84E3043F0030382F84E303846BDE8FC
:10486000F047FFF705BA94F8A420D106F6D51A0749
:10487000F4D595F84C3094F898236FF3410385F8FC
:104880004C3094F8A03063F30302013B5FFA83F9E4
:1048900084F8982304EB890858F804A95046FDF7DA
:1048A0002BFA002800F08D809AF84E3003F01303A5
:1048B000032B58D194F8983394F8A02062F30303A3
:1048C00084F8983394F8983394F8A020C3F3030144
:1048D00003F00F039342C1D054F823209E4292F874
:1048E0004E307DD103F00303022B06D194F83C3007
:1048F00054F823301B7984F8A83094F8986394F81E
:104900003C8006F00F0654F8265095F84F2012F020
:10491000010240F0A4806F49284608F03BFD95F85D
:104920004E3043F0030385F84E3095F8513043F094
:10493000200385F8513095F94C30002BBEBF95F817
:104940004C3062F3C71385F84C30464561D1FF23E4
:1049500084F8833394F87C3043F0030384F87C308C
:10496000FFF7DEFE7AE7022B2BD194F883339945CB
:104970000CD054F823309AF8431093F84320914216
:104980001FD19AF80D205B7B9A421AD194F8983384
:1049900094F8A02003F00F03934203D09AF84F300D
:1049A000DB070ED44B494846FDF7F8F848B19AF9B1
:1049B0004C30002B0EDB94F8983369F3030384F832
:1049C000983309F1FF33DBB2B9F1000F3FF47AAF4E
:1049D000994661E74846FDF7CBF80028EBD1F0E7B0
:1049E00003F0030395F8450082F84500022B84D1BB
:1049F00092F84C3098063FF579AFE38FA4F8B830C1
:104A00000E20052384F83C1084F84F34FDF7B4FAE7
:104A10006CE73046FDF716F994F97D30002BFFF670
:104A20001DAF95F84E3013F020037FF417AF95F8C3
:104A30004C2092067FF512AF05F15200254984F80B
:104A400082300D2208F051FDB5F84C3043F01003D0
:104A5000A5F84C3080213046FEF7ECFCFEE695F8D8
:104A60005130464543F0200385F85130D9D194F8B0
:104A70009E30194843F00203294684F89E3008F01E
:104A800089FCA0F27A31284608F084FC68E71149D5
:104A90003046FDF783F8002800F0158195F84C307A
:104AA000DF0600F11081180605D53046FDF760F8E5
:104AB000002800F0088194F8A47017F0100F16D0A9
:104AC0002846FDF719F990B1BDE8F047FFF728BE79
:104AD00098050020160600209009002094F8A47084
:104AE000F90604D5032AEBD113F0080FE7E794F891
:104AF000913107F0400703F0200353EA070140F02B
:104B0000E2806B8AEA7B47F25D4083427FD90132C3
:104B1000D2B2032AEA730CD954F8262092F86630F0
:104B20000133DBB282F8663092F865209A4262D394
:104B3000E973022154F82620E87B538A92F8662014
:104B40005A43920003FB002254F8260090F8653087
:104B5000002B00F08680EB7B1BB990F86630002BB1
:104B60007FD042F21077B2FBF7F7520BD31C03EB66
:104B70004705C42D85BFC4227A430022B2FBF5F25B
:104B800088BFC2F1C40303EB020E0EF1200C1FFA22
:104B90008CFCB0F812800A25B8FBF5F565450AD201
:104BA000B8F5A57F26BFA5F120039BB200235F4384
:104BB000B7FBFEF29B1AB0F86850A0F86A50B0F844
:104BC0006C50A0F86E509BB292B2A0F86830A0F87A
:104BD0006C203046FEF72EFC94F9A830002B72DAD8
:104BE00094F87C3003F00303022B6CD1BDE8F0474E
:104BF0000020FEF773BF94F87C30022262F30103B9
:104C0000304684F87C30FDF705F8082192E702EB86
:104C10001323DBB2934204BF0133DBB2934209D8C2
:104C200095F8662095F865100132D2B2914285F868
:104C300066200AD3EB73022154F82620EB7B92F80E
:104C40006620120402EB03227EE794F87C300222F5
:104C500062F30103304684F87C30FCF7DBFF082167
:104C6000EAE71A46B1E794F8A430DA062DD52846CB
:104C7000FDF742F848B395F84C306FF3410385F8DF
:104C80004C30FEF7D7F994F800810746FFF766F835
:104C9000062FC8F38008064623D1A6B994F87C30C5
:104CA00084F8A96003F01003B8F1000F30D053B1BD
:104CB000062F02BF94F8A43043F0800384F8A43098
:104CC0000B2384F8A930BDE8F087062084F87D80A6
:104CD00094F80081FFF742F8C8F3800806460627DB
:104CE000DBE794F87D30DB070AD594F8AA303BB1B6
:104CF0008B4994F8AF2001F2863008F0F6FBCCE740
:104D000094F83C30864954F823000D225230F4E7E1
:104D10000BB90523D5E7062FD5D1042384F8A93094
:104D2000E97BD1B194F83C3094F8502454F8233006
:104D30005E8A47F25D40864288BF520808065EBF21
:104D4000198A891A1982EB7B03F07F019142CABF4D
:104D5000891A002361F30603EB7394F8A430D90693
:104D6000B1D594F83C7054F827603046FCF7C4FF86
:104D700094F87D30002800F082805A077FD496F89E
:104D80004D3013F0020305D038460B21BDE8F04743
:104D9000FEF750BB96F84C2063F341020A2384F8D7
:104DA000A93094F87C3086F84C203F2B11D9FEF7BF
:104DB0003FFE94F87D30DB0715D594F8AA3093B107
:104DC000574994F8AF2001F28630BDE8F04708F06B
:104DD0008CBBFEF72FF9FEF7C1FF0028E9D00523B1
:104DE00084F8A930E5E794F8A43094F83C605F07B4
:104DF00054F826503CD594F8823085F8563094F813
:104E00009633D8077FF55FAF95F8562012F0A00FC4
:104E10003FF459AF95F85720442A7FF454AF95F8E2
:104E20005820022A7FF44FAF95F85A103D4A01F0FE
:104E3000070149000A4413F0040F14BF528D528F2A
:104E40005AB1298A688A091A298254F82600018AE7
:104E50001144018254F826104A8213F002037FF4B1
:104E600032AF94F8962363F3000284F896232AE77E
:104E70002B490D2205F1520008F037FBBFE713F074
:104E80000C0F3FF420AFEB7BDBB908F036FA064697
:104E900008F033FA1A22F3B2B3FBF2F303EB430246
:104EA000C3EBC20303EB830300EB4300C3B2E8731D
:104EB00000F07F000C288ABF6430FE2360F30603F5
:104EC000EB7394F87D3094F8AB20590742BFEB7B2D
:104ED0006FF3C713EB735207E38F3FF5F4AEB4F8EB
:104EE000B82009339B1A9BB2B3F5004F13D8012B9E
:104EF00013D9032B3FF6E7AE012294F8AB3043F011
:104F0000040384F8AB3094F83C3054F823100B8A37
:104F10009B1A0B82D7E60322EFE70222EDE700BFE0
:104F20001606002086E503002DE9F341A34D95F810
:104F30008673B5F88813002617F004070446067038
:104F400004D1B5F88A338B4200F0B880FDF712F92E
:104F5000D5F83C3313F8116003EB4102B5F8803308
:104F60005778013189B28B4298BF0023A5F8881386
:104F700098BFA5F8883395F886336FF3820385F8D8
:104F80008633FDF703F9802FA67040F09E802046FF
:104F9000092300F8033BFDF7EDF855F826800822B9
:104FA00008F1570198F8567008F09FFA08F152017D
:104FB00004F10C0008F0EEF9B8F84C3023F4047357
:104FC000A8F84C30FDF7E2F898F84E3013F04003A3
:104FD00079D13A0677D598F84C2090070AD595F8FC
:104FE0009823B90663F3051285F8982302D54F2359
:104FF000637015E05023637095F89833A2787F00B2
:1050000003F0300107F04007302947EA010742EA80
:1050100047020CBF23F020031033A27085F89833A9
:10502000A27800231F2AE37247D895F9852395F8C3
:1050300085039A42BEBF8023E3720423420618D53B
:10504000E27A42F04002E272E2182021117355F830
:10505000261091F84570591C54FA81F19A1C0F736F
:1050600055F8261054FA82F291F846101173033362
:10507000DBB287061AD5E17A55F8262041F02001E7
:10508000128AE17255F82610488A91F84E10121AC9
:1050900092B2C80648BF5B3204EB030158BF153219
:1050A00092B20A730233120A4A73DBB2E27A0AB18D
:1050B0000133DBB2227813442370802746EA0720AD
:1050C00002B0BDE8F0814E2392E707F17D03DBB229
:1050D000012B43D8842F95F8088404F1030036D1BE
:1050E00095F80A243649D200D2B2227008F0FDF9B0
:1050F00055F8263093F84C206FF3041283F84C20B7
:1051000023780133237055F8263093F84C309907F3
:1051100042BF95F898336FF3051385F898337223DF
:10512000637095F89833A2784FEA480803F030018D
:1051300008F04008302941EA080842EA48020CBF5A
:1051400023F020031033A27085F89833B5E795F863
:1051500009241C49D200D2B22270C7E73A06ADD466
:1051600044F2030323800123E370A7F13803012BEA
:105170002771A3D814490422601D08F0B6F92378DA
:10518000382F03F10403237015D155F8263093F816
:105190004E30DB0692D505EB86052B6C5B7C022B33
:1051A0008CD10A49132204F1090008F09EF92378F2
:1051B0001333237082E7392780E700BF980500206A
:1051C000AA090020A2090020CC090020D40900204F
:1051D000154B93F8A820FF2A0AD193F89E106FF37D
:1051E000C30183F89E1093F89E106FF3820112E0C2
:1051F00093F89713914293F89E1011D06FF3C30167
:1052000083F89E1053F82210897D0029EBD093F883
:105210009E1041F0040183F89E1083F89723704795
:105220000907E0D4F9E700BF980500202DE9F04F09
:10523000734DB5F8B8308BB009339BB2049395F831
:105240003C300792FF2BCDE90501009334D095F84F
:10525000A83002934FF6FF740023DDF8009003940A
:10526000FF26984695F8A020DFB2BA4227D804EB73
:10527000C4040A23B4FBF3F4444580F0A580B9F1DB
:10528000FF0F19D055F82920A8EB0404B2F86010DC
:10529000B2F8623004F5BD70884240F28D800B4454
:1052A000B1F5BD7F9BB26CD9A3F5BD73A2F8623096
:1052B0004FF4BD73A2F860300BB0BDE8F08F55F825
:1052C00027B0BBF810200192009ABBF812A055F845
:1052D000220090F84E2002F00302032A4FD19BF8DF
:1052E0004E2002F00302032A02D00299B94246D1AD
:1052F000408A5146CDE9082308F046F9099B08BBCE
:105300004FF6FF718C42BBF860C0089A33D0544509
:1053100028BF5446DFF8E8E05EF82910B1F86010C5
:10532000614598BFB946BBF8621041B1FF2E24D049
:105330005EF826E0BEF862E08E4538BF3E46032A9E
:10534000E04402D0029AFF2A13D0049A01995244F1
:10535000521A91B212040CD4039A914209D2059ABE
:1053600003911770019A069FA2EB0A023A80079AEE
:105370001080013376E75446CCE73E46DFE7002055
:10538000E0E7B1F58C7F07D36FF48B700344A2F88C
:10539000623040F217138DE7B1F5847F25BF6FF4BB
:1053A00083715B18A43BA2F8623036BFA2F862306A
:1053B00040F20713A4237DE713FA84F3091BA2F834
:1053C0006230A2F8601077E77FF676AFFF2E3FF4E9
:1053D00073AF55F82620B2F86230B2F86010A4EB33
:1053E0000804A3429BBF5B18A2F8603011FA84F155
:1053F000002384BF1B1BA2F86010A2F862305BE799
:105400009805002010B5FCF7A3FE002848D1254CD4
:1054100094F8A430B4F8B82094F8AF1043F0100317
:1054200084F8A430E38F013AD21AA1F10D03DB1006
:105430000133DBB290B212045CBF03EB5003DBB26A
:105440000D2984F84F3402D91748FCF70FFDFBF7FC
:10545000F1FE94F83C3054F8233083F8450094F87A
:10546000AE30122B03D094F89E30D90705D5E38FC8
:10547000A4F8B830052384F84F3494F891319A0693
:1054800044BFE38FA4F8B83094F8A930082B07D1B3
:1054900094F89E305B0703D5BDE81040FCF77EBE54
:1054A00010BD00BF980500201606002010B5114C55
:1054B000D4F80821B4F80231801A4ABFC0EBC050BA
:1054C0004002400243F6095255BFB0FBF2F0B0FB78
:1054D000F2F01B181B1A9BB2E387FBF7B7FE94F898
:1054E0009E3060F3041384F89E30BDE81040FFF74F
:1054F00089BF00BF980500202DE9F04F8BB0002335
:105500000293994B93F89121940618D593F8A4200F
:10551000D00614D5132283F8AE20022283F8A920E6
:1055200093F88323B3F8B81083F83C20B3F8A6208F
:105530008A1A92B2B2F5004F88BFA3F8A6108A4C1F
:1055400094F8D92094F8AE30D1070DD4122B03D0A3
:1055500094F89E20D20728D5B4F80231A4F8BA30C6
:10556000D4E94223C4E9302394F8D93023F0090365
:1055700084F8D93094F8AE30023B122B00F20B873E
:10558000DFE813F07B002D003F003F00090709070B
:105590002900F4000907090702019300D200E9027B
:1055A000090708023302BA02BD02132B0ED0B4F869
:1055B000BA30A4F8DE30D4E93023C4E93A23B4F891
:1055C000B830A4F8BA30D4E93223CBE7FBF7BCF902
:1055D0000028ECD0C8E794F89E305B0760D494F8BC
:1055E0003C00FCF7E7FF54F820301B8AA4F8B830E1
:1055F00094F891319F0601D4FCF780FD002384F8D4
:10560000543494F8D93094F854046FF3000384F8B8
:10561000D930FCF7B1FC94F9913194F89111002B39
:1056200040DA94F8A930022B3CD1D4E93223B4F803
:10563000B800A4F80201C4E94223132511F02002A6
:1056400084F8AE500FD194F8A43062F3041384F8B8
:10565000A43094F89E3041F0200162F3041384F8E2
:105660009E3084F89111FCF743FF94F8D930DA07A3
:105670003FF566AF0BB0BDE8F08F94F99121B4F817
:10568000A630002A0ADAB4F852243AB19B1A9BB227
:10569000A4F8A6302923A4F8AC30A0E71E3BF6E717
:1056A000BE23F8E70D2384F8AE3094F8D930B4F86F
:1056B000B850DE07D4E932010BD4B4F8BA30A4F8FC
:1056C000DE30D4E93023C4E93001C4E93A23A4F838
:1056D000BA50C4E94201B4F8AC00A4F80251FCF796
:1056E0004BFC032384F84F3494F8A4306FF3041375
:1056F00084F8A43094F89E306FF3041384F89E303D
:105700000E2384F8AE3094F8A930022B0AD194F815
:105710003C00FDF753FA94F89E3060F3000384F8E0
:105720009E30A0E70020F6E794F8D93043F001035B
:1057300084F8D93094F89E30DD0712D594F8A4305F
:10574000D8060ED50E20FCF717FC94F89E306FF3A8
:10575000000384F89E30FFF735F80F2384F8AE304D
:1057600083E70420EFE700BF9805002094F83C0091
:10577000FCF720FF54F820301B8AA4F8B830FCF75F
:10578000BDFC0C2384F8AE3094F8D93094F8002195
:1057900094F8A8506FF3000384F8D93094F83C30A3
:1057A000910754F8236036D096F84C20920632D5F3
:1057B00015F0010894F8A17078D09F4255D194F863
:1057C000863313F0400550D194F8AA10C648FDF76F
:1057D000D9FB002849D094F83C30C44854F8231031
:1057E00007F0D8FD94F8A83094F8C223134384F846
:1057F000A83084F8C23391F84C3065F3451381F832
:105800004C30B4F88E33A4F8E63394F8AB3043F060
:10581000800384F8AB3094F83C2094F8000154F8ED
:1058200022100B7923F004030B7194F8A8305F0762
:1058300040F19D8054F8225095F84C2002F020024F
:10584000024340F0948095F86400002869D062F328
:1058500082035E0785F8642084F8A830DAB263D446
:1058600011063FD5FDF726F83CE0B4F8E62394F89E
:10587000A8507AB394F83C309C4854F8231007F0B1
:1058800089FD252384F8C33394F8AB3084F8C253E0
:1058900043F0800384F8AB3094F88633013A43F048
:1058A0004003A4F8E62384F88633B4E79F4211D17D
:1058B000301DFDF79FFB68B133791D43357154F8F6
:1058C000273084F8A85093F84C2068F3451283F8E9
:1058D0004C20A0E794F8D93023F0050343F00503EA
:1058E00084F8D93094F8A8301A0749D50720FCF776
:1058F00043FB94F8D930DB0749D4B4F8BA30A4F8A4
:10590000DE30D4E93023C4E93A23B4F8B830A4F83F
:10591000BA30D4E93223C4E930230F2384F8AE30FF
:10592000A1E6012385F8643094F882336FF3820393
:1059300084F8823394F8A8306FF3820384F8A83097
:105940000C230B71CB7883F05503CB708B7883F0ED
:1059500055038B704B7883F055034B700B7883F0B5
:1059600055030B7094F8D93043F00203B8E794F86C
:10597000A820550701D50028D6D08007B2D16FE7FF
:1059800094F9A430002BB4BF0D201E20AFE7FDF723
:1059900083F9C2E71920FCF7EFFAB4F8B830A4F89D
:1059A0000231D4E932230025C4E9422384F83C5073
:1059B000FCF7EEF94E49206807F0ECFCFCF79EFB83
:1059C00094F89E3065F3041384F89E3094F8A43064
:1059D00023F0500343F0400384F8A430122384F8EA
:1059E000AE302123A4F8AC303DE694F8A430DF06B5
:1059F0000FD4B4F80221D4E94201FCF74DFAB4F80F
:105A00000221831A9BB2B3F5004F88BF1046A4F859
:105A1000B80094F8D9306FF3000384F8D93012231A
:105A200084F8A93094F8A4306FF3C71384F8A43035
:105A300094F88633DE062CD5102384F8AE3094F823
:105A4000A4306FF3861384F8A430FF2384F8A130C8
:105A5000FDF760FD94F8A4306FF3041384F8A430CC
:105A600094F89E306FF3041384F89E3094F8AE30AF
:105A7000122B31D121231920A4F8AC30FCF77CFA89
:105A8000B4F8B830A4F80231D4E93223C4E942238F
:105A9000E9E594F8A430DD06DCD5FEF793FE94F832
:105AA000A930062BD6D1FCF759F994F800510543DB
:105AB000EDB2002DCED00F4954F8200007F06AFC5B
:105AC00094F83C3054F8230007F064FC0E20FCF7F7
:105AD00053FA0F2384F8AE3094F8D93043F0010321
:105AE00084F8D930C1E500BF5A09002056090020CA
:105AF0009009002016060020142384F8AE3094F894
:105B0000D930042043F0010384F8D930FCF734FA8B
:105B1000FEF758FE94F8A430D8067FF51EAE94F830
:105B20009131E28F6FF3451384F89131B4F8B830B6
:105B3000053B9B1A9AB213F4004F94F8AF30A3F1CF
:105B40000D034FEAE30318BF0022013303EB5203B6
:105B500084F84F3401E694F8A930092B01D00C2BBE
:105B600010D194F8A83094F800516FF3C30384F86F
:105B7000A83094F8D93013F0040636D06FF38203BE
:105B800084F8D93094F8D93094F8832343F0010392
:105B900084F8D930102384F8AE30FF2A4FF0060382
:105BA00084F854340AD094F8AB3013F0010305D1D3
:105BB00094F83C10914218BF84F8A93094F8002161
:105BC00094F8A93012F00300A3F1050300F0DA8184
:105BD000072B00F2D381DFE813F071004800D101F8
:105BE000D101B601D101D101980094F83C0054F8DC
:105BF0002020117921F004011171990714D566F361
:105C0000410384F8D930D37883F05503D370937867
:105C100083F055039370537883F0550353701378D2
:105C200083F055031370ADE7AA07ABD194F9A82010
:105C300094F8A830002A0EDA5E229B0684F8002130
:105C4000A0D494F87C3003F01403042B9AD00A21DA
:105C5000FDF7F0FB96E754F82020B2F84C3043F003
:105C60002003A2F84C300321F2E70C2384F8AE3075
:105C700094F9A43094F84F54002B4FF00503B4BFAF
:105C80006D00C5F10B0584F84F3494F87C30B4BF37
:105C9000C5F125056D00EDB21F0784F8545440F19D
:105CA000178294F83C30FF2B00F0128204EB830340
:105CB0000022BE49186C07F042FC06E20C2384F86F
:105CC000AE3094F9A430002B94F8AB30ACBF0D216A
:105CD00007211E0704D5550707D40D2384F8AF30DC
:105CE00001F10A0384F8543475E094F83031D80790
:105CF00008D594F831310133DBB2062B08BF0023FD
:105D000084F8313194F83334E8E794F87C5015F096
:105D1000100545D194F8A830990641D501283FD106
:105D2000FDF7DCFEFDF75AFE002854D094F87C20E5
:105D30000C2384F8AE3013071ED594F83C30FF2BAB
:105D40001AD0570725D59A4984F8F053082201F153
:105D50000C0084F8F15384F8F25384F8F35384F878
:105D6000F45384F8F55384F8F65384F8F75307F0A6
:105D7000BCFB8E48FDF78EF894F9A42094F84F34BC
:105D8000002AB4BFC3F16C03C3F16E03DBB20A3364
:105D9000A8E704EB83038549186C07F0BAFBE8E732
:105DA000052394F9A41084F8AE3094F84F340029F8
:105DB000B4BFC3F12303C3F13803DBB284F8543416
:105DC00094F8AB301E0706D512F0040200F0AA804A
:105DD0000D2384F8AF3094F85404FCF7CDF8102369
:105DE00094F8A42084F854341523A4F8AC30510658
:105DF00094F8AE3084F8A93000F19080102B94F81C
:105E00003C30B4F8B85054F82330DFF8A88193F848
:105E10004C3014BF09350D355A0742BFB4F8A630CF
:105E2000A3F59673A4F8A630B4F8A630ADB2EB1A79
:105E3000A4F8A63008F14007002658F8043B93F870
:105E40004EE00EF00301012949D903291A8AF0B264
:105E500040F00A82B4F8A6C0A91A89B28C453ED394
:105E6000598A0A441A8258F8041C91F84E30DB060D
:105E700017D491F86530A3B1B1F868C0BCF1000F38
:105E80000FD00A8AB1F86A301344A3EB0C039BB21B
:105E9000A3EB050C521B1FFA8CFC92B2944538BF41
:105EA0000B8294F83C10814240F0438158F8043C46
:105EB00000229A7358F8043C93F84E30190706D51F
:105EC0003B681A7D1AB99A7CD97C0A449A7458F8AE
:105ED000043C93F84D206FF3000283F84D2094F8B2
:105EE000A0200136F3B29A4207F10407A5D894F82E
:105EF0003C20A4F8A65054F8221091F84C305D07CD
:105F000044BF6FF3820381F84C3091F84E3018078C
:105F100041BF04EB8202136C00221A75FDF7FAFAF6
:105F2000FFF7A3BB94F83031DD0709D594F8313180
:105F30000133DBB2062B14BF84F8313184F83121F0
:105F400094F8333445E7052384F8AE30352384F8DC
:105F5000543494F87C3018077FF53DAF94F83C300A
:105F6000FF2B3FF438AF04EB83030022186C0F497A
:105F700007F0E5FA0D48FCF78DFF2CE70020FDF750
:105F8000ADFD28E7062B3FF626AF01A252F823F01D
:105F9000DF60030053600300D75D0300D75D03009B
:105FA000B95F0300E75F03001D6003008009002064
:105FB000740900209805002094F87C3013F040020A
:105FC0007FF409AF042184F8AE10352184F854140D
:105FD00019077FF500AF94F83C30FF2B3FF4FBAE80
:105FE00004EB8303C2E7042384F8AE3094F87C30DA
:105FF0001B070CD594F83C30FF2B08D004EB83032F
:10600000BB49186C07F085FAB948FCF743FF94F9CF
:10601000A430002BACBF60233A23B8E6042384F8F5
:10602000AE3094F87C301F070CD594F83C30FF2B31
:1060300008D004EB8303AE49186C07F06AFAAC4849
:10604000FCF728FF94F9A430002BACBF5F234A2350
:106050009DE6FDF7C3FC00283FF4BDAE0C2384F899
:10606000AE3094F9A43094F84F5494F87C20002B6F
:10607000B5BF6D00C5F10B05C5F125056D00EDB28D
:106080000523160784F8545484F84F3420D594F827
:106090003C30FF2B1CD012F004021DD09549002388
:1060A000082201F10C0084F8F03384F8F13384F80D
:1060B000F23384F8F33384F8F43384F8F53384F856
:1060C000F63384F8F73307F010FA8948FCF7E2FE5C
:1060D0000A3584F854547EE604EB8303E9E5FDF7C2
:1060E0007DFC00283FF477AE0C2384F8AE3094F8A2
:1060F0007C3018070CD594F83C30FF2B08D004EB0B
:1061000083037B49186C07F004FA7948FCF7C2FE58
:1061100094F9A430002BB5BF20230D2384F8543408
:1061200084F85434BCBF062384F84F3494F85434B4
:106130002DE654F8212092F84E3003F00303022B91
:106140006DD058F804CCB2F812E0BCF812309E457D
:1061500010D9BEFBF3F903FB19E292B2B2EB530F75
:1061600016D9A3EB0E0E19FB03E91FFA89F24FF0C3
:10617000000E0FE0B3FBFEF90EFB193292B2B2EB48
:106180005E0FF4D9AEEB030319FB0E391FFA89F247
:106190004FF0010E9CF80E300133DBB28CF80E305C
:1061A00042BB012B81BF58F8042C92F84C3043F0CD
:1061B000040382F84C3054F8213093F84C205207F5
:1061C0002DD494F87C2002F01302132A34D194F8D1
:1061D000AB2012F0040F22D142F0040284F8AB206D
:1061E0001A8A033A1A8254F82130DA7BBAB97E222D
:1061F000DA7314E0012B81BF58F804CC9CF84C30C2
:1062000043F004038CF84C30042A08D854F82130A9
:1062100093F84C205207D4D5BEF1000FD1D00921FC
:10622000FDF708F958F8043C93F84E301A077FF54B
:106230004EAE4FF0000910E094F8A83043F004038C
:1062400084F8A83094F8823343F0040384F882334E
:10625000E5E707F020F909F101093868C27C5FFA27
:1062600089F39A42F5D832E61EF0100C1CBFA91A29
:1062700089B2A2EB050A1FFA8AFA12BF89464FF4C7
:106280000049998ACA457FF62AAEA5EB02091FFA92
:1062900089F9B9FBF1FA01FB1A9A1FFA8AFABAF1E5
:1062A000000F04D04944A1EB0A011FFA81F90EF056
:1062B0000301022912D1C2F30C0209EB020189B2D7
:1062C0008A4294BF4A0B0822BCF1000F14D094F804
:1062D0009713814202D1997B0A449A734946FCF78D
:1062E0001BFB58F8043C1A8A9144A3F81090EEE581
:1062F000800900207409002094F8831381420DD096
:10630000FF29EBD093F849C0BCF1000FE6D054F858
:10631000211093F817C0C97D8C45DFD1997B1144BA
:10632000997394F99131002BD8DA94F8AB30DB07EC
:10633000D4D4002AD2D094F89133C3F3C2010131EE
:1063400001F0070161F3C50384F89133DAB203F079
:106350000703052B08D012F0800F15D102F00702B9
:10636000C2F10502914208DB94F8913323F07803DF
:1063700043F0400384F89133B0E7002BAED194F89A
:10638000913323F07803F5E7002BF8D002F00702F1
:106390008A42A3D8F3E794F8A43013F0200200F067
:1063A000D98294F8D930042043F0010384F8D9301D
:1063B000FBF7E2FD94F87C30190700F14B81FF22D6
:1063C000B4F8B8508DF8232084F83C2084F8A82035
:1063D00094F8A02094F883030392AC4A059200231A
:1063E00009354FF6FF71174684F8AE30ADB2A4F808
:1063F000A610024657F8046B96F84EC00CF0030145
:1064000002290BD1FF2A05D054F82210F67DC97D50
:106410008E4203D91CF0100F08BFDAB2039E01337D
:10642000D9B28E42E6D8904200F09C820023FF2A27
:1064300084F8843340F09982FF2840F0238194F857
:10644000AB3094F883B3B4F8A62003F00103002125
:10645000079394F8A830A4F8521401938C4606913F
:106460008A464FF6FF76059B53F804EB05939EF89A
:106470004E3003F00308B8F1020FC8B200F00881F3
:10648000B8F1030F00F0398103980131CBB2984283
:10649000E9D8DFF8F881BCF1000F04D0029B88F83E
:1064A0003C30A8F8A620069B0BB188F883B3BAF15C
:1064B000000F02D0019B88F8A830FEF789FE98F8FB
:1064C0003C70FF2F1DD098F88333BB4219D198F848
:1064D000AB30D90704D5B8F8A6305A3BA8F8A63097
:1064E00098F8AB30DB070CD498F99131002B08DA1F
:1064F00098F99133002BBEBFB8F8A6305A3BA8F8E4
:10650000A6300DF1230009AA0DF12601FEF78EFE3B
:1065100098F8A4309DF8230013F0020F00F04C818E
:10652000FF2F00F04981FF283BD0874200F04481D3
:1065300058F8201091F84E2002F00303032B40F08E
:106540003B8158F827C09CF84E3003F00303032B1F
:1065500040F03281BCF81030BDF826C0A3EB0C032C
:10656000B1F860C09BB29C4540F22681BDF8243052
:10657000BBB902F01302132A40F0198198F8AB302E
:106580005A070ED4CB7B63B90323CB7398F8AB3097
:1065900043F0040388F8AB3058F82020138A033BFB
:1065A000138298F89E3003F00403002B0BBF4FF0CA
:1065B000B4094FF000090A215A21FF2813D058F8D6
:1065C0002030BDF82600B3F860202B1A073B0B449F
:1065D00002F11F0C9BB29C4505DB2730401B024497
:1065E000521A1FFA82F998F8A8A0BAF1FF0F00F02A
:1065F0004D8158F82A2092F84D30DB0705D5138AD3
:106600005B1B9BB2994538BF99464FF6FF739E427C
:106610000FD0CB1F4B449BB2B34280F03781F31DA8
:106620005B1AB2F86020A3EB09039BB29A4200F216
:106630002D81FF2F40F0C88058F82A3093F84F2062
:1066400012F0300F40F0DB80A944A3F8109088F8D6
:106650003CA0F0E094F83C30FF2B3FF4B0AE04EBEC
:106660008305286C837C002B3FF4A9AE06F013FF52
:10667000837C013B8374F4E70136F6B27645C0F2C1
:106680008181ADE18026C1E10021DAE19805002099
:10669000DF0625D5019BFF2B00F08580B04B019FC5
:1066A00053F8278098F84D3013F0010318BFB8F85D
:1066B00010309EF84D801CBF5B1B9BB218F0010F81
:1066C00071D0BEF810E0AEEB050E1FFA8EFE9E45AF
:1066D000019B98BF0346019398BF4FF0010AD3E690
:1066E0002BF080038B427FF4CFAE1BF0800F1FBFD7
:1066F0000123AEF8105083460693059B53F8043CE3
:106700000493049F1B8A97F84E905B1B83459BB2B2
:1067100009F0030903D1079F9FB15A339BB2B9F126
:10672000030F3CD1049F97F84CE01EF0040F2FD0CC
:10673000B3F5967F29D2002202904FF0010C164645
:10674000A2E6DFF81CE29EF89183C8F3801767F396
:10675000C7188EF891839EF99181B8F1000F0FDA76
:106760009EF99183B8F1000FD7DBB9F1030FAEF8B2
:106770005234E0D0079B02901A464FF0010C83E69A
:106780001E2B38BF1E231E3BC8E7A3F596739BB292
:106790009A42FFF479AE02901A461E46EDE79A42FD
:1067A000FFF472AEE7E701904FF0010A6CE60B7957
:1067B00043F004030B71F4E6FF281EBF58F82030A5
:1067C000002283F86420ECE698F8830387427FF484
:1067D00033AF58F827301B8A5B1B9BB2B42B3FF6B4
:1067E0002BAF58F820B0BBF81410FCF795F8BBF8A5
:1067F0001030BBF814201344ABF81030E9E793F9DC
:106800000420002A02DAB6F5A47F14D393F84E20B0
:106810001D8242F0030283F84E2058F82A3088F88F
:106820003CA093F84F309F0605D598F8863343F087
:10683000100388F8863398F83C50FF2D7ED098F8E6
:10684000DA3083B158F8253093F84F3013F0300127
:1068500009D1B8F8DC30A8F8BA30D8E93823C8E94B
:10686000302388F8DA10FBF793FA58F8252092F8CD
:106870004E10138A01F00301C3F30C03032903F143
:10688000010020D1538A03449BB226E0B8F8A63019
:10689000522BD0D9FBF7B2FB98F89233002BCAD019
:1068A000B8F8A620B8F8943398F83C009A42C2D3BE
:1068B0003A21FCF7BFFD98F89233012B04BF002367
:1068C00088F89233B7E798F8AE10082934D198F8D1
:1068D0009E2056074CBFD633EC33984294BF5B0BD7
:1068E000082388F8503498F87C301D0710D598F8A4
:1068F0003C30FF2B0CD008EB83031D6C2B7C08EB8A
:106900008303D3F8F002FCF7BDFA2846FCF7C2FA7D
:10691000134B93F89121900603D593F8AE100229FA
:1069200002D151067EF5A1AE93F8912122F06002CA
:1069300083F89121FEF799BE938AA4E7002588F891
:10694000DA50FBF75BFB98F8A43065F3451388F841
:10695000A430C8E762F3000384F8A430D8E700BF8E
:1069600098050020FF283FF46AAD54F822C094F83F
:1069700084339CF84910994232D803991346002673
:1069800001F1FF3E03990133DBB2994298BF002326
:1069900054F8237097F84E1001F0130102297FF488
:1069A0006BAE97F8491000293FF466AE97F8178050
:1069B0009CF817108845FFF45FAE97F84C2000262E
:1069C000D20784F884630AD5BCF810203A8254F8C0
:1069D000232092F84C1066F3000182F84C101A46FE
:1069E00094F8843354F82210013384F8843391F8F6
:1069F0004C30904203F001066FF300034FEAC616D5
:106A000081F84C303FF41BADFF280FD054F8201014
:106A1000CB7D23F00103CB7594F8AB30D9075FBF72
:106A200054F82010CB7D43F00103CB7554F822308D
:106A300093F84A10DB7DDB073FF526AE003918BF1F
:106A4000012194F8AB3061F3000384F8AB3094F883
:106A5000913143F0400384F8913142EA060384F80F
:106A60008333ECE44840074AC043082300F00101A7
:106A7000400801B15040013B13F0FF03F6D1C04381
:106A8000704700BF2083B8ED4FF08053D3F830211A
:106A9000082A06D1D3F83431052B02D8024AD05C3B
:106AA00070470020704700BF32EC0300024AD2F862
:106AB0000034002BFBD0704700E0014010B54FF0D0
:106AC0008053D3F83021082A4ED14FF08042002164
:106AD000C2F80C11C2F81011C2F8381502F5404284
:106AE000D3F80414C2F82015D3F80814C2F82415FA
:106AF000D3F80C14C2F82815D3F81014C2F82C15CA
:106B0000D3F81414C2F83015D3F81814C2F8341599
:106B1000D3F81C14C2F84015D3F82014C2F8441559
:106B2000D3F82414C2F84815D3F82814C2F84C1529
:106B3000D3F82C14C2F85015D3F83014C2F85415F9
:106B4000D3F83414C2F86015D3F83814C2F86415B9
:106B5000D3F83C14C2F86815D3F84014C2F86C1589
:106B6000D3F84434C2F87035FFF78EFF18B13A4BB2
:106B70003A4AC3F88C26FFF787FF18B1384BFB223F
:106B8000C3F81825FFF780FF70B14FF080414FF038
:106B90008053D1F8E42ED3F8583222F00F0203F0DC
:106BA0000F031343C1F8E43EFFF76EFF20B12D4BF6
:106BB0004FF40072C3F840264FF08053D3F83031C1
:106BC000082B1AD14FF08043D3F80024D20744BFDA
:106BD0006FF00102C3F800244FF08053D3F8343132
:106BE000052B02D8204AD35C3BB14FF01023D3F8D9
:106BF00008224FF08043C3F858254FF01023D3F8F4
:106C00000022002A03DBD3F80432002B22DA1749D2
:106C100001234FF01020C1F804351224FFF746FF7E
:106C2000C0F80042FFF742FFC0F80442FFF73EFF02
:106C30000023C1F80435FFF739FFBFF34F8F0C492C
:106C40000C4BCA6802F4E0621343CB60BFF34F8F72
:106C500000BFFDE710BD00BF0050004048810300A9
:106C600000F00040009002402CEC030000E00140E6
:106C700000ED00E00400FA0530B50468CCB1BFF3C4
:106C80005B8FB4FA84F3C3F11F03DBB201229A4095
:106C900024EA020250E8005FA54204D140E8002C3B
:106CA000BCF1000FF6D1BFF35B8FE6D102480B7049
:106CB00030BD0248FCE700BF0000AD0B0200AD0B89
:106CC00010B50368CB40DB0714D401238B40026866
:106CD000BFF35B8F43EA020150E8004F944204D1B6
:106CE00040E8001CBCF1000FF6D1BFF35B8FEED182
:106CF000014810BD0148FCE70000AD0B0400AD0BDE
:106D0000014BC3F80405704700F00140036803F02D
:106D10001F025B09026004D0012B034818BF00204A
:106D200070474FF0A040704700030050034A4309EA
:106D300000F01F00D35C1844C0B2704738EC030069
:106D400070B50546FFF7F2FF0C4C08300E4634F8DC
:106D50001030DA0508D5C3F3432304EBC3022846F9
:106D600054F8333052689847A3682BB1E268314633
:106D70002846BDE87040184770BD00BF8401002060
:106D800008B5FFF7D3FF034B083033F81000400B72
:106D900008BD00BF8401002008B5FFF7C7FF034B03
:106DA000083033F81000C0F3400008BD8401002013
:106DB00008B5FFF7BBFF034B083033F81000C0F3F2
:106DC000401008BD84010020034611F0010010B5F9
:106DD000CCB20DD1A207C4F3400012D5094AD2F8B3
:106DE00020055860C2F82005003818BF012008E0CF
:106DF0004FF0A041D1F820251A60C1F82025002AC3
:106E0000E8D010BD0003005010B5FFF78FFF124A05
:106E1000083032F81030D9051CD5C3F3432123F4D0
:106E2000F85322F8103002F10E04002034F8023F2B
:106E300013F4807F03D0C3F3432399420AD0013077
:106E40003028F3D1002342F831300448BDE8104027
:106E5000FFF736BF10BD00BF84010020FC010020F9
:106E6000F0B5054600200446012607468C420BD1AA
:106E7000114BD3F87C2132B10022C3F87C21D3F826
:106E80007C3140F00040F0BDE3B29B0003F580721E
:106E90009B0806FA03F31D420BD002F1804202F573
:106EA000C042D2F800C0BCF1000F02D017601268D7
:106EB00018430134DAE700BF00600040F7B506462A
:106EC0000846FFF733FF194F00F108050C4637F865
:106ED0001530DB0727D5304606F010FC2046FFF7BB
:106EE00067FF40B12046FFF74BFF316800F5A27005
:106EF000002341F820302046FFF786FF002301A839
:106F000027F815300194FFF701FF019B00EB830088
:106F1000074BD0F80027134043F00203C0F80037B6
:106F2000044803B0F0BD0448FBE700BF8401002023
:106F3000F0F8FCFF0000AD0B0400AD0B2DE9FF41A4
:106F4000164680460846FFF7F1FE0D4631680446B6
:106F500009B32846FFF720FF18B12846FFF728FF9E
:106F600010BB0023CDE900338DF80E308DF80F30C3
:106F70000DF10F020B4628460DF10E0106F066FBDF
:106F8000474A04F1080132F8113023F0020343F0BC
:106F9000010322F81130736863B328461F785968DB
:106FA000FFF7FAFE10B1D1B13E4826E03C4A04F1A9
:106FB000080032F8103023F02003DB04DB0C22F849
:106FC000103061B1032FEFD87168496891F800C0A3
:106FD000D8F80010A7B90CF5A27C41F82C70304A03
:106FE00004F1080132F8113023F01C0343EA87034F
:106FF00022F81130B3684BBB2B4804B0BDE8F081D8
:1070000001EB8C0143EA4C33D1F810E52EF0030E6E
:10701000C1F810E5D8F8001001EB8C0E43F0200306
:10702000DEF8101522F8103021F44F3121F44071B0
:10703000CEF810152902DEF8108501F47C5141EAE2
:10704000074141EA0801CEF81015C8E7D3E9006707
:107050002846FFF7D9FE002ECED0114DD5E90023EA
:10706000964203D19F4201D1002209E00F480DF161
:107070000F01FFF701FE0C4B9842BED19DF80F2087
:1070800045F8326005EBC20308345F6035F8143010
:1070900043EA422343F4807325F81430ACE700BF81
:1070A000840100200400AD0B0000AD0BFC010020AA
:1070B0002DE9F0430C4685B08046204611461E4619
:1070C000FFF734FE054629B32046FFF765FE18B9E1
:1070D0002046FFF76DFE18BB314F05F1080937F860
:1070E000193013F01C0F02D04B78012B18D001235C
:1070F0008DF80F300023CDE900134A1C8B1C20466D
:107100000DF10F0106F0A2FA37F8193043F003032E
:1071100027F81930002E41D02046FFF73DFE18B960
:10712000204805B0BDE8F08396F800C0D8F80030DC
:107130001B4F0CF5A272002143F8221005F1080242
:1071400037F8121021F02001C904C90C27F81210D9
:1071500075781DB3D8F80000B67800EB8C002D04CC
:10716000D0F8103523F4991323F4F853C0F81035F0
:10717000230203F47C5305F440353605D0F810E5BE
:107180002B4306F4801641EA4C31334341F0200191
:1071900043EA0E0327F81210C0F810350248C0E782
:1071A000840100200400AD0B0000AD0B014BC3E9CE
:1071B000021270478401002010B508461446FFF7FC
:1071C000F7FD50B10846FFF7B1FD054B083033F825
:1071D000103004485B0B237010BD0348FCE700BF70
:1071E000840100200000AD0B0400AD0B70B5164DFE
:1071F00095F8804006462CBB2146602205F1100020
:1072000006F053FE30682E6F21468E420ED10023C9
:10721000C0F87C31D0F87C3140F30730F6F722F823
:1072200001230A4885F88030AB6770BDCBB29B0064
:1072300003F580727C2B08BF845001F1010108BF67
:107240008358E2E70248F0E7840100200000AD0B1C
:107250000C00AD0B034B93F88000003818BF0120E1
:10726000704700BF840100200148FFF729BD00BF1F
:10727000F80100200148FFF7FFBC00BFF801002023
:1072800073B503681646D3F80423002AA8BF4FF04D
:1072900000420546A8BFC3F8042308460C46FFF782
:1072A00087FD00B30846FFF777FD0146D8B92046B1
:1072B000FFF766FD04B2A40004F580720346286857
:1072C0008150296882582144D1F8102542F00102EA
:1072D000C1F810252EB12968012202FA03F3C1F882
:1072E000043302B070BD2046FFF720FD0F4B08307D
:1072F00033F81030C3F38203042B12D0052B12D0C5
:1073000001A80194FFF702FD019AD0F81035D3408F
:1073100003F00103991C204602B0BDE8704006F05E
:10732000DEB90321F7E70221F5E700BF8401002061
:107330002DE9F04F694BDFF8A881D3F80403D8F8A2
:107340007010C0B289B040F00040FFF789FD051E03
:107350002FDAC24600235AF87C1F06A8CDE906336F
:10736000FFF732FD5F4B01930DF118094FF0000B51
:10737000019A12F8013B0192DA0803F007031AF8A8
:10738000022022FA03F3DA071CD409F10409BBF145
:10739000000F14D0D8F870104FF00040FFF760FDD8
:1073A000D8F87C1006A8FFF70FFD0028DAD125F0E9
:1073B00000450124002D79D109B0BDE8F08F4FF0D0
:1073C000010BD5E7484B5B440293D9F80010002924
:1073D000DBD0029B91FAA1F11C78B1FA81F141EA6C
:1073E00044142046FFF7A2FC0830059438F81070CA
:1073F000C808BB0819F80020039301F00701012316
:1074000003FA01F122EA010209F8002005A8FFF7BA
:107410007DFC059A039B02F5E072C7F3820650F8E3
:1074200022205B073746C2F3014224D52046394665
:10743000D6B2FFF785FC05A80594FFF767FC059B0E
:1074400003F5E07350F82330C3F301439E4207D1A4
:107450000021204606F043F93146204606F03FF968
:1074600005A80594FFF752FC059B012202FA03F3DD
:10747000C0F82035A9E7022A0CD10321204606F0E6
:107480002EF906F00503012BEAD139462046FFF715
:1074900057FCE5E702212046039206F020F9032E6F
:1074A000F3D0039A032ADBD1022EEDE795FAA5F378
:1074B000B3FA83F304FA03F29B0003F1804303F56C
:1074C000C04325EA0205D3F81005D3F81015C0F320
:1074D0000520C1F30141FFF733FC6BE7006000407A
:1074E0008401002048EC030048EC030010B5184C60
:1074F000237853BB0278C2F34003920712D54FF0B2
:107500008053D3F83021082A0BD1D3F83431052B1E
:1075100007D8104AD35C23B14FF080430122C3F84F
:10752000382601234FF08042C2F88035037803F0FB
:107530000103C2F878350020F5F7B6FE08B9F5F773
:1075400091FE01230448237010BD0448FCE700BFEE
:10755000073400204AEC03000000AD0B0C00AD0B1B
:107560004FF080434FF46072C3F80823014B0022B0
:107570001A6070474C28002008B5FFF7F1FF036838
:107580000BB1014A136008BD4C28002010B54FF024
:107590008043D3F80443620707D54FF4847006F0A4
:1075A000D5F810B11E4B1B689847A30608D54FF4B9
:1075B0008A7006F0CBF818B11A4B00201B68984768
:1075C000600608D54FF48C7006F0C0F818B1154B62
:1075D00001201B689847210608D54FF48E7006F0ED
:1075E000B5F818B1104B00201B689847E20508D584
:1075F0004FF4907006F0AAF818B10B4B01201B68ED
:107600009847A3050AD54FF4927006F09FF828B169
:10761000054BBDE810401B680220184710BD00BF95
:1076200054280020502800204C2800200146014802
:10763000FFF722BB08020020014B986860307047BA
:107640005828002038B5EFF31185402383F31288C2
:10765000BFF36F8F064B9C6806F0B1F885F3118875
:10766000BFF36F8F2046BDE83840F5F783BD00BFFC
:107670005828002038B5094B53F82040013053F802
:107680002050A54200D838BD636823B1204606F0DB
:1076900099F80834F5E723689847FAE754E80300B7
:1076A00070B52A4B2A4C2B4D012286B003201A704C
:1076B000FFF7E0FFF5F788FA0420FFF7DBFF264627
:1076C000AE4204F1300410D300F002FE204C224EF2
:1076D000AC4226D300F010FEF3F7ACFB1F4A137B3D
:1076E00023F00103137306B070BD54F80C3C0593EE
:1076F00054F8103C049354F8143C039354F8183C89
:10770000029354F81C3C019354F8203C009354E934
:107710000A2354E90C0100F0ABFB54F8303C5E65E1
:10772000CDE7D4E90A23B3F1FF3F08BFB2F1FF3F31
:1077300005D052EA0301206803D106F0B7F93034CE
:10774000C6E73146183000F0BBFFF8E708340020E8
:1077500060E5030060E50300B9DB03005813002077
:1077600008B50348034A0021121A06F043F808BD81
:10777000A80400200C34002070B5002386B001223C
:10778000CDE90423134E144D01930F22CDE90232AB
:107790001249142303FB005506EBC01604464FF4B0
:1077A000C07000FB04110E4B00954FF4A0723046E0
:1077B00000F05EFB737B0B4AEE6023F004037373EF
:1077C0004FF4046304FB033313442C746B6006B062
:1077D00070BD00BFD812002058280020804D002026
:1077E0008FD8030040450020BFB50020FFF742FFBF
:1077F0002D4B83F308882D4C2D4E63692D4F43F498
:1078000000736361E02384F8223000252023E377AE
:1078100025766576A57684F82050636A43F4E023E4
:10782000636284F82350F5F725FCF5F7D1FD4FF09E
:10783000FF33A362E362204CF5F790FEF5F7ECFD11
:1078400040F201132046A381C4E9195501F03AF82A
:10785000B46005F0A0FF0120FFF70CFF0220174CD9
:10786000FFF708FF00F068FD154B746105930123D5
:1078700014490095CDE903534FF480523B46CDE9BE
:107880000155204600F0F4FA627B064622F004021D
:107890002046627306F046F92846FFF76DFF3A4628
:1078A00031462046F5F776FD804D002000ED00E0E2
:1078B00058280020A1760300D81300205813002078
:1078C00050EC0300004F002038B5064C064D002058
:1078D000AC4200D338BD204605F090FF0028F9DB0C
:1078E0001C34F5E7040300202003002073B50C4688
:1078F000EFF31181402585F31288BFF36F8FC568C0
:107900005DB125602B68C36083690133836100200A
:1079100081F31188BFF36F8F11E052EA030603D1A0
:1079200025606FF00B00F3E7CDE900230246083035
:1079300000F01AFC18B9034B9B685B69236002B026
:1079400070BD00BF582800202DE9F34104461746BA
:107950001E46EFF31188402383F31288BFF36F8F25
:10796000C368334A7BB180689168884219D057EA6E
:10797000060318D188F31188BFF36F8F6FF00F00E3
:1079800002B0BDE8F081916891F90E1021610133D8
:10799000E3609368A36088F31188BFF36F8F0020C2
:1079A000EEE72169F2E791F90E1090F90E30994255
:1079B000A8BF19466FF07E029142B8BF11468B42B4
:1079C0002DDD05F06FFF0546CDE90076194822460A
:1079D000414600F0C9FB0028E1D0EFF311864023B7
:1079E00083F31288BFF36F8FA068D0B12368216939
:1079F0009C420AD04BB193F90E309942A8BF194668
:107A00006FF07E039942B8BF194605F04BFF40B1B5
:107A10000848314600F018FC6FF00A00B0E7002576
:107A2000D2E7002DF4D186F31188BFF36F8FF3E70F
:107A3000582800200934002038B58368044663B311
:107A4000194A926893422BD1C368012B03D9013B99
:107A5000C360002038BDEFF31185402383F3128803
:107A6000BFF36F8F0169806805F01CFF204606F0A8
:107A7000A7F8A06058B190F90E2022610022826719
:107A800006F050F80948294600F0DEFBE1E7E06027
:107A900085F31188BFF36F8FDBE76FF01500D9E72F
:107AA0004FF0FF30D6E700BF5828002009340020EF
:107AB00037B51146EFF31185402282F31288BFF3E8
:107AC0006F8F04689CB12368426823F003039442DB
:107AD000036008BF43600121204605F053FF0446C0
:107AE00085F31188BFF36F8F204603B030BD51EA94
:107AF0000302F5D000F10802CDE900131046294633
:107B000000F032FB0028EFD1014B9B685C69EBE78A
:107B10005828002038B50446EFF31185402383F33D
:107B20001288BFF36F8F06F04BF848B100228267CE
:107B300005F0F8FF29460848BDE8384000F084BB4E
:107B4000D4E902329A4218BF0133A36085F3118849
:107B5000BFF36F8F38BD00BF0934002013B5EFF3BA
:107B60001181402484F31288BFF36F8F846844B17D
:107B7000013C846081F31188BFF36F8F002002B055
:107B800010BD52EA030406D181F31188BFF36F8F51
:107B90006FF00F00F3E7CDE900230246014800F043
:107BA000E3FAECE7093400202DE9F043DFF83481F3
:107BB00085B005464FF0FF364FF0FF37EFF31189E0
:107BC000402383F31288BFF36F8FD5F880408CB9C0
:107BD000022105F1980005F0F8FE002860D100238D
:107BE000CDE90067029305F1880249463E4800F05E
:107BF0006FFCE3E7D5F884202368C5F88030944211
:107C000008BFC5F88430D5F8983043F00203C5F8B2
:107C10009830E36823F0040343F00103E3606368F2
:107C200089F31188BFF36F8F20469847EFF31189CE
:107C3000402383F31288BFF36F8FE368D90623F0E4
:107C4000010237D4E260E3689A071AD5D8F8000039
:107C500023F00203E360A0B10268002188B1436809
:107C60009C4237D1036869BBD8F80420C8F80030BB
:107C7000824201D1C8F80430002340F8083BFFF7E6
:107C800049FFD5F8983023F00203C5F8983089F3FE
:107C90001188BFF36F8FDB0590D400F055FB8DE7A3
:107CA00005F1900400220121204605F0EDFF002897
:107CB000F8D194E723F01103E36004F11000FFF71B
:107CC00029FFC0E70B60D8F80430834208BFC8F82A
:107CD0000410D1E722B11368014610461A46BDE7E9
:107CE0001346F9E77828002009340020F8B5C36866
:107CF0009A0704460F46C3F340062CD45B071AD4F8
:107D00000B680BB983680B60E368DD0744BFA368A9
:107D10003B603D684CBF02260126002D3AD01F4B28
:107D20009B68AB420AD0D5F89830D807C3F38002DD
:107D300014D46FF0120600233B6025E005F0ADFE81
:107D4000D5F898300028F0D1D907C3F3C002F0D598
:107D500052B15B0708D46FF00F06ECE7002AFAD1A6
:107D6000C3F3C003002BF6D100232360D5F8843081
:107D700063B9C5E92044284605F032FEE36843F0C4
:107D80000403E3603B68A3603046F8BD1C60C5F89F
:107D90008440F0E76FF01506CDE700BF58280020BB
:107DA000F0B589B004460020C4E920000E9D04F11E
:107DB0008800C4E9220004F19000C4E924004DB316
:107DC0002879002840F2011008BF0120C4F898006B
:107DD00000204FF0FF364FF0FF37CDE90330CDE9FB
:107DE0000100CDE906670C4B0094204600F07EF8B8
:107DF00055B1296811B1204605F055FE6B791BB1CC
:107E0000237B43F001032373204609B0BDE8F04013
:107E100005F04CBE0120D9E7A97B030037B50190DE
:107E20000846EFF31184402181F31288BFF36F8F6E
:107E3000C16811F01E0F16D153EA020508D101A93D
:107E4000FFF754FF84F31188BFF36F8F03B030BD89
:107E500041F00801C160019981621030034900F0CE
:107E60002FFC0120EEE70020ECE700BFEFD9030074
:107E7000F0B5073285B022F0070204467F320E9D2E
:107E80000D9E2573583022F03F02C4E916000425E8
:107E900000203F2AA673C4E90600A0606573E07362
:107EA00001F14007A2F1400605D880F31188BFF325
:107EB0006F8F284602DFC4E919768D1800260C9AC8
:107EC000E66602920B9A01920A9A009220462A468E
:107ED000F5F72EFA044B66659B6803B11B6F2367A9
:107EE000284605B0F0BD00BF58280020F0B587B087
:107EF00000250595109D04950F9D03950E9D0295F7
:107F0000DDE912760D9D01950C9D00950446FFF765
:107F1000AFFFB6F1FF3F08BFB7F1FF3F05D056EA0C
:107F2000070305D1204600F0A1F9204607B0F0BDB7
:107F300003493A46334604F1180000F0C1FBF4E768
:107F4000B9DB030038B50D4D2B4653F8184F9C4252
:107F500000D004B9EC68AB6838B95A7BD20604D1BA
:107F6000A26912B9DA897F2A05D89C4202D020463C
:107F700000F0EEFA23466B6138BD00BF58280020A0
:107F800008B590F90D20437B002A014604DA03F07E
:107F90007F03437305F08CFD044B9868431A5842E5
:107FA0005841BDE80840FFF7CDBF00BF582800206A
:107FB00070B490F90D30427B002B29DBD30627D11A
:107FC00083692BBB134962F07F0242730A4652F861
:107FD000184F944218BF2346CC6923B9C0E9002446
:107FE0002060C8610CE090F90E5093F90E60B54224
:107FF0000AD0AE4208DD5A68C0E90032106058600D
:1080000070BC0020FFF79EBF9C42E7D01B68E4E7EE
:1080100070BC7047582800202DE9F041002A427BAF
:108020000E460CBF10210821114204460FD141EA2F
:108030000203D20918D1437308291BD00120FFF78E
:1080400081FFBFF35F8F637B23F060036373274B74
:108050009B68A34243D1EFF30583002B3FD1304609
:10806000BDE8F041F5F79CB803F07F03437305F0DA
:108070001FFDE1E7A36813B1204605F021FD04F1DF
:10808000180005F023FE04F158074FF00008A56D15
:10809000BD4200D0B5B9154FBB689C42CED1EFF3BD
:1080A0000583002BCAD0124D0120FFF74BFF40F291
:1080B0000113AB8128460023C5E9193300F002FC07
:1080C000BD60BEE7284605F0FBFC05F1180005F091
:1080D000FDFDC5F878802846FFF76AFFD7E786F3ED
:1080E0001188BFF36F8FBDE8F08100BF58280020D2
:1080F000D813002070B590F90D20437B002A01466B
:1081000004DA03F07F03437305F0D2FC4B7B154A7E
:1081100063F07F0310464B7350F8183FD4698342D5
:1081200008BF002323B9C1E900042160D1610CE03C
:1081300091F90E5093F90E60B5420ED0AE420CDDAF
:108140005868C1E90030016059609068431A58428C
:10815000BDE870405841FFF7F5BE9C42E3D01B6874
:10816000E0E700BF58280020F8B5124B0C46114636
:10817000114A98681060DDE90676EFF3118240221B
:1081800082F31288BFF36F8F9D68284605F0A2FC2A
:10819000B6F1FF3F08BFB7F1FF3F06D007493A46A7
:1081A000334605F1180000F08BFA2046BDE8F84090
:1081B000F4F7F6BF5828002080280020B9DB030020
:1081C000F8B50446EFF31186402383F31288BFF31A
:1081D0006F8F437BDA0649B219D18569BDB903F0C7
:1081E0007F03437305F064FC437B164A817363F09D
:1081F0007F034373134653F8180F984218BF054680
:10820000D0695DB9C4E900300460D46111E0A173A4
:10821000002086F31188BFF36F8FF8BD95F90E70BB
:10822000B9420BD08F4209DD6B68C4E900531C6072
:108230006C600120FFF786FE0120EAE7A842E1D04A
:108240002D68DEE75828002049B9EFF3058030B9E2
:10825000054B5A699B689A4201D0F4F7A1BF81F39C
:108260001188BFF36F8F70475828002010B5EFF3C7
:108270001184402282F31288BFF36F8F427B510733
:1082800004D484F31188BFF36F8F10BD22F0040271
:108290004273FFF78DFE21460248BDE81040FFF70C
:1082A000D3BF00BF09340020034648B9EFF305826D
:1082B00032B9064A51699268914201D0F4F770BF11
:1082C00083F31188BFF36F8F704700BF58280020D9
:1082D000EFF31181402383F31288BFF36F8F054BB7
:1082E0009A68D37B013BD37381F31188BFF36F8FFF
:1082F000704700BF5828002038B5EFF3118540249F
:1083000084F31288BFF36F8F0A4B9A68D37B0133D3
:10831000D3730020FFF716FE85F31188BFF36F8F2C
:10832000EFF3118084F31288BFF36F8FBDE83840FC
:10833000FFF7BABF58280020024B03F11802C3E927
:108340000622704758280020F8B5EFF31185402326
:1083500083F31288BFF36F8F19498868437B03F05A
:108360007F03437305F0A4FB8B685A7B084662F0D9
:108370007F025A7350F8182FCC69824208BF00223E
:1083800022B9C3E900042360CB610CE093F90E60CD
:1083900092F90E70BE420ED0B7420CDD5168C3E9AF
:1083A00000210B6053600120FFF7CCFD2846BDE89B
:1083B000F840F4F7F5BEA242E3D01268E0E700BF50
:1083C0005828002050EA01032DE9F04105460E46E9
:1083D00003D1FFF7B9FF00202BE0831C71F1FF33BD
:1083E00029DB05F088FC2C18EFF31188402383F378
:1083F0001288BFF36F8F124F124BB8681860FFF7E7
:10840000BFFDB86810492A463346183000F058F9C5
:10841000BA68537B43F0100353734046F4F7C0FE31
:1084200005F069FC201A63EB0303012873F10003D4
:10843000D1DBBDE8F0816FF00104241AD4E700BF5E
:108440005828002080280020B9DB0300B1F1FF3F4D
:1084500008BFB0F1FF3F08B506D10A4B986805F098
:1084600070FB4FF0FF3008BDFFF7ACFF4FF47A719F
:1084700047F6FF730022C0FB0132D80B40EA4240AE
:10848000F1E700BF582800200C490D4A38B50024F8
:108490004FF400458C462146C0FB05C100236046D1
:1084A000EEF77EFEC117FFF78DFF054A47F6FF7313
:1084B000C0FB0234DB0B43EA444038BD3F420F00AF
:1084C00040420F00014B9868704700BF58280020B9
:1084D000D3B5DDE90667089CCDE90067FFF744FEE8
:1084E0001CB1034B9B685B69236002B0D0BD00BF29
:1084F00058280020044BC01A044BC0105843044BAA
:1085000001221A54704700BF58140020ABAAAAAA2F
:1085100009340020C3897F2B12D80A4B1B6863B132
:10852000094B90F90E201B689A4209DB437BDB065E
:1085300006D1064BC31A18BF012303F00100704790
:108540000023FAE78828002084280020D812002081
:1085500070B50E4B0E4C1E7C06EB460304EBC304B9
:108560000546204605F0B2FB0A4B002228469A55E4
:10857000FFF7D0FF48B1084B08491A68013A204676
:10858000D317BDE8704000F09BB870BD582800209C
:10859000581400200934002088280020F5840300A6
:1085A00038B5EFF31185402383F31288BFF36F8F43
:1085B000104B114A9C681068A04206D1FFF7C8FF13
:1085C00085F31188BFF36F8F38BD00211B7C1160CC
:1085D0000A4AD35C002BF3D02046FFF79BFF00280C
:1085E000EED0637BDB0602D12046FFF783FD2046F9
:1085F000E4E700BF5828002080280020093400202C
:1086000008B50648064A0749121A05F0F5F8BDE80C
:108610000840054A0549064805F0EEB8000000206C
:10862000A8040020E0ED030000000000E0ED0300DE
:1086300000000020034B1B680BB9F7F759BD002061
:10864000704700BF8C28002030B570B10B4B5B68C1
:1086500098420AD0036843B1D3E90421D0E9044524
:10866000121941EB0501C3E90421D0E9003213607E
:108670005A600023C0E9003330BD00BF0C02002067
:1086800010B50E4B1C689C4204D1FFF7D3FF6FF06E
:10869000004010BDFFF7CEFF002CF8D0D4E9043223
:1086A0001B1A62EBE072B3F1004F72F10001EEDAD7
:1086B000002AACBF18460020EBE700BF0C020020E8
:1086C000B3F1FF3F08BFB2F1FF3FF8B504461D46C6
:1086D00016465ED08160EFF31187402383F3128842
:1086E000BFF36F8F013275F1FF3324DA2E49D1E9E0
:1086F00000206FF001039B1A4FF0FF3262EB000085
:108700009E1B60EB0500012E70F1000301DA0126CB
:108710000020C4E90460254ED6F800C07568B44551
:1087200008BF4FF0000CBCF1000F0DD1C4E900658B
:108730002C6074601CE0FFF77DFF013645F10005F9
:10874000361845EBE070E4E7DCE90420D4E90431B5
:10875000934271EB000E1DDAD21ADCF8043060EBA4
:108760000100CCE90420C4E900C31C60CCF804403B
:108770003368B34209D09C4207D10D4B1C6824B921
:10878000FFF77EFF2146F7F785FC87F31188BFF3DB
:108790006F8FF8BD9B1A61EB0001AC45C4E9043151
:1087A000C4D0DCF800C0BEE7701400200C0200202A
:1087B0008C2800202DE9F84FEFF3118C402383F330
:1087C0001288BFF36F8FDFF8B0A0DFF8B0902C4FA6
:1087D000C9F80000DAF800000024504508BF002066
:1087E0000025D7E90021D9F80030E04678B3D0E978
:1087F000046C4FEAE37EB3427EEB0C0B05DAF61A0B
:108800006CEB0E04C0E9046421E0B21841EBE671A0
:10881000C0E90445C7E90021FFF716FF88F3118876
:10882000BFF36F8F83689847EFF31188402383F37A
:108830001288BFF36F8FD9F80030DAF800009B1B65
:108840005045C446C9F80030CBD1D7E900219A1869
:1088500041EBE3730024C7E90023C9F80040FFF7A8
:108860000FFF2146F7F716FC88F31188BFF36F8FCF
:10887000BDE8F84FFFF794BE0C0200208C280020C2
:108880007014002010B5EFF31184402383F3128895
:10889000BFF36F8FFFF7CEFE054A0346D2E9000112
:1088A000181841EBE37184F31188BFF36F8F10BD8B
:1088B000701400200A460146014805F065BA00BF61
:1088C00020030020014B0367704700BF20030020F6
:1088D00038B504460D4605F0E0F820B9064B9B6814
:1088E0001B6F0BB938BD054B2A4621461846BDE81B
:1088F000384005F049BA00BF582800202003002066
:1089000038B5064C064DAC4201D3002038BDD4E941
:108910000112204605F056FA1434F4E72003002033
:10892000340300201FB5094A92E8030002AB83E834
:1089300003004FF480620093054906484FF0FF336F
:10894000FFF72EFA002005B05DF804FBDCE503001C
:10895000405F00207814002038B50546002941D03A
:1089600051F8043C0C1F002BB8BFE41800F006F9C6
:108970001D4A136833B9636014602846BDE8384067
:1089800000F002B9A34208D9206821188B4201BF28
:1089900019685B6809182160EDE71A465B680BB13E
:1089A000A342FAD911685018A0420BD120680144A3
:1089B000501883421160E0D118685B685360084426
:1089C0001060DAE702D90C232B60D6E72068211863
:1089D0008B4204BF19685B68636004BF091821609B
:1089E0005460CAE738BD00BF94280020F8B5CD1CFC
:1089F00025F0030508350C2D38BF0C25002D064643
:108A000001DBA94203D90C2333600020F8BD00F03C
:108A1000B5F821490A6814469CB9204F3B6823B930
:108A20002146304600F03CF838602946304600F0D8
:108A300037F8431C23D10C233360304600F0A4F8F0
:108A4000E3E723685B1B17D40B2B03D923601C447B
:108A5000256004E06368A2420CBF0B60536030469F
:108A600000F092F804F10B00231D20F00700C21A59
:108A70001CBF1B1AA350C9E722466468CCE7C41C7C
:108A800024F00304A042E3D0211A304600F008F895
:108A90000130DDD1CFE700BF9428002090280020CE
:108AA00038B5064D0023044608462B60F4F70AFE4D
:108AB000431C02D12B6803B1236038BD98280020E5
:108AC0000CB430B5174B0C1E1D689DB008DA8B2313
:108AD0002B604FF0FF301DB0BDE8304002B0704752
:108AE0004FF40273ADF8143014BF04F1FF33234682
:108AF000049307934FF6FF7302900690ADF816307B
:108B0000209A21AB02A92846019300F043F8431CA8
:108B1000BCBF8B232B60002CDDD0029B00221A707F
:108B2000D9E700BF140200200EB430B59CB01FACD2
:108B30004FF4017254F8045BADF8142002900690D3
:108B4000F1F710FF0B4B039007900B930A48019429
:108B500000230F9314934FF6FF73ADF816302A4697
:108B6000234602A9006800F011F91CB0BDE83040AE
:108B700003B07047BBDE030014020020014804F07C
:108B800012B800BF34030020014804F012B800BF3F
:108B9000340300202DE9F04F98468B891B069DB0C9
:108BA00007460D46144610D50B6973B94021FFF7EF
:108BB0001DFF2860286130B90C233B604FF0FF3067
:108BC0001DB0BDE8F08F40236B6100230993202383
:108BD0008DF82930CDF80C803023DFF89C818DF89A
:108BE0002A304FF0010923469A4613F8012B0AB1A7
:108BF000252AF9D1BAEB040B0BD05B462246294655
:108C0000384605F068F9013000F0A780099A5A4407
:108C100009929AF80030002B00F09F8000234FF05B
:108C2000FF32CDE905230AF1010A049307938DF879
:108C300053301A935446052214F8011B4E48EEF7A0
:108C40005FFA049AD8B9D00644BF20238DF8533078
:108C5000110744BF2B238DF853309AF800302A2B8C
:108C600015D0079A544600204FF00A0C214611F8FF
:108C7000013B303B092B4BD9B0B1079214E0A0EB7C
:108C8000080309FA03F313430493A246D2E7039BB4
:108C9000191D1B680391002BBBBF5B4242F002020F
:108CA00007930793B8BF049223782E2B0AD16378D9
:108CB0002A2B32D1039B1A1D1B68039243EAE373EC
:108CC00002340593DFF8B4A0217803225046EEF772
:108CD00017FA38B1049BA0EB0A00402282401343EC
:108CE0000134049314F8011B25488DF8281006223E
:108CF000EEF706FA002836D0224B1BBB039B073346
:108D000023F0070308330393099B334409936AE76D
:108D10000CFB02320C460120A8E700230134059326
:108D200019464FF00A0C204610F8012B303A092A58
:108D300003D9002BC6D00591C4E70CFB01210446E2
:108D40000123F0E703AB00932A460F4B04A93846F2
:108D5000AFF30080421C0646D6D1AB895B063FF5D7
:108D60002DAF09982CE703AB00932A46064B04A9C4
:108D7000384600F081F9EDE75FED030065ED030093
:108D800069ED030000000000D7DE03002DE9F04785
:108D90000C46ADF5227D0021CDE94411A649A091F4
:108DA0000DF10408A549A64FCDF818810646A191FA
:108DB00000931378002B00F05A81F95C11F0080140
:108DC00002F1010519D06368002B0FDD23681A78C2
:108DD000BA5C120701D42A46EBE7459A0132459264
:108DE00062680133013A62602360ECE7A19B21468F
:108DF000304698470028E9D0EDE7252B12D0994658
:108E00006368002B40F39380226813784B4540F051
:108E10002E816368013B6360459B01320133226010
:108E20004593D8E74191439153782A2B02BF1023F1
:108E3000951C41930A22A94619F8011BA1F13003A0
:108E4000092B1ED9DFF8FCA103225046EEF758F992
:108E500038B1419AA0EB0A000123834013434193A8
:108E60004D4615F8013B782B06D8572B10D8252BEB
:108E7000C5D057D8002B65D0032347930A234293CC
:108E80006BE0439B02FB0311303943914D46D2E71F
:108E9000A3F15802202AEFD801A151F822F000BF17
:108EA0008F8F0300798E0300798E0300B18F03004A
:108EB000798E0300798E0300798E0300798E03008A
:108EC000798E0300798E0300798E0300C78F03002B
:108ED000AD8F03002B8F03002B8F03002B8F03001C
:108EE000798E0300A18F0300798E0300798E030031
:108EF000798E0300798E0300D78F0300A98F0300BA
:108F00004B8F0300798E0300798E0300D38F03000B
:108F1000798E0300AD8F0300798E0300798E0300F4
:108F20008F8F0300453B022BA6D8052314E0A19B9D
:108F300021463046984700283FF466AF4498002801
:108F400040F08D804FF0FF308DE0419B43F408737B
:108F5000419310234293042347936368002B49DD18
:108F6000419B590604D423681A78BA5C120748D486
:108F7000479B022B57DC6B46224641A9304600F046
:108F8000A9F9012873D002287FF425AFD6E7419ACA
:108F900042F40072419210226E2B429202D9DAE71B
:108FA000002342930323D7E70823D3E70A22F3E7FA
:108FB0002946404605F0AFF8419B43F040034193FA
:108FC00005460123C8E7419B43F04003419300233A
:108FD000C2E70223C0E74198C3063FF5FCAE009B01
:108FE000459A191D00911B6810F0010F14BF1A80DB
:108FF0001A60F0E6A19B2146304698470028AFD082
:109000009CE7459A013245926268013A002A626003
:1090100002DD01332360A6E7A19B21463046984735
:109020000028A0D08AE7042B0EDC6B46224641A91B
:10903000304600F0A9F9A4E78DDF030003E0030048
:109040005FEC030065ED03000A4B002B3FF4C3AE59
:109050006B46224641A93046AFF3008091E7A389D1
:109060005B063FF56FAF0DF5227DBDE8F0874498B4
:10907000F9E700BF000000002DE9FF470F7E0C9DBF
:10908000782F914680460C469A4601F1430207D854
:10909000622F0AD8002F00F0E080582F00F0BB802C
:1090A00004F1420684F842703AE0A7F16303152BFD
:1090B000F6D801A151F823F0119103002591030086
:1090C000A1900300A1900300A1900300A1900300D0
:1090D00025910300A1900300A1900300A19003003B
:1090E000A190030041920300B5910300F7910300A2
:1090F000A1900300A190030063920300A1900300DC
:10910000B5910300A1900300A1900300FF9103001B
:109110002B681A1D1B682A6004F1420684F842304D
:109120000123ABE0236829681F0601F104002860D1
:1091300001D50D6803E05E06FBD5B1F9005061680A
:10914000002D7ADA2D20002984F84300A1602DDA61
:109150005E486D420A231646B5FBF3F103FB115737
:10916000C75D06F8017D2F46BB420D46F4D9082B9A
:109170000BD12368DF0708D5236961689942DEBFF8
:10918000302306F8013C06F1FF36921B2261CDF830
:1091900000A04B4603AA2146404604F04FFF013091
:1091A00071D14FF0FF3004B0BDE8F08723F0040325
:1091B0002360CDE72B682068191D2960050601D5BD
:1091C0001D6802E04106FBD51D8840486F2F14BF83
:1091D0000A230823002184F843106668A660002E45
:1091E000B9DB216821F004012160002DB3D1002EEC
:1091F000B1D11646BBE7236843F02003236034480F
:10920000782784F84570296823680E1D2E601E0695
:1092100003D50D6804E02D48F3E75D06F9D50D8808
:10922000D90744BF43F0200323600DB11023D1E7D9
:10923000236823F020032360F8E724480A23CCE7BF
:109240002B6826686169181D286035061B6801D5E2
:10925000196002E07006FBD51980002323611646D1
:1092600095E72B681A1D2A601E6862680021304647
:10927000EDF746FF08B1801B60606368236100233F
:1092800084F8433083E72369324649464046D04755
:10929000013086D023689B0714D4E068039B984272
:1092A000B8BF18467FE70123324649464046D047BB
:1092B00001303FF476AF0135E36803995B1AAB42A6
:1092C000F1DCEAE7002504F11906F5E773EA03008B
:1092D00070ED03002DE9F84315468A6880460C4678
:1092E00032B98A69002A14BF4FF0FF3201228A6026
:1092F0002268DFF89090D1065FBF1A68111D1960CF
:1093000016680027A06988B1012807D12B681A7850
:1093100063699B5C53B9002F31D022E0022820D131
:109320002B681B7819F803301B071AD42368DA0658
:109330005EBF2B681B7806F8013B2A686B68013218
:109340002A60A268013B013A6B600137A26042B11A
:10935000002BD7DCD4F880312946404698470028B6
:10936000D0D0236813F0100305D1E2680132E26027
:10937000A26902B1337023693B4423610020BDE838
:10938000F88300BF5FEC03002DE9F04F98467A4B5D
:109390000C468246164693E8070087B003AB83E885
:1093A0000700764BA169764A032908BF1A46A368CD
:1093B00001925A1EB2F5AE7F88BF6FF4AE75274694
:1093C00082BF03EB050940F25D13A36057F81C3B15
:1093D00043F4506398BF4FF0000923603D464FF0BF
:1093E000000B316803AB097853F82B000222EDF72C
:1093F00087FE002840D0BBF1010F12D162682AB964
:109400002268082142F4007261602260226822F41E
:10941000A0622260A268511EA160DAB94FF0020B6F
:10942000DFE7BBF1020F06D0A268511EA1608AB926
:109430004FF0010BD5E7226802F4C061B1F5007F5F
:109440001FD142F480722260A26810216160511E17
:10945000A160B2B13268511C3160127805F8012B5D
:109460007268013A002A726006DCD4F88021314625
:1094700050469047002874D10BF1010BBBF1030F4C
:10948000AFD163680BB90A23636063683D496069C3
:10949000C91A04F040FE4FF0000BA368226873B3B2
:1094A0003168606991F800C010F80C0038B3BCF165
:1094B000300F16D1100514D50BF1010BB9F1000FC7
:1094C00003D0013309F1FF39A3607368013B002B1E
:1094D00073600DDD336801333360A368013BA36023
:1094E000DBE722F4106222600B7805F8013BECE721
:1094F000D4F880313146504698470028EDD0236893
:10950000D9050DD5BD4209D915F8011CD4F87C3117
:1095100032465046984705F1FF394D46BD4228D0A6
:10952000226812F0100213D12A706368019E394636
:109530005046B047D8F8003021681A1DC8F80020FE
:1095400011F0200F1B680FD01860E3680133E3604F
:109550002369ED1B5D442B442361002007B0BDE867
:10956000F08F4FF0000BCAE7CA074CBF1880186095
:10957000EBE70120F2E700BFE4E5030089E1030027
:109580008DE1030091ED0300242B2DE9F047864681
:10959000904601D8012B06D103F00DFB1623036082
:1095A0000020BDE8F08736480D462A4615F8014BE5
:1095B000065D16F00806F8D12D2C24D12C78012652
:1095C000951C2BBB302C30D00A2306F1004C0CF13B
:1095D000FF3C0022BCFBF3F9104603FB19CAA4F1BF
:1095E0003007092F28D83C46A34234DD571C07D04A
:1095F00081452DD301D1A2452ADB00FB0340012286
:1096000015F8014BEBE72B2C04BF2C78951CD8E701
:10961000102BDAD1302CD8D12A7802F0DF02582A68
:10962000D3D16C7810230235CFE72B7803F0DF031A
:10963000582BF6D00823C8E7A4F14107192F01D809
:10964000373CD1E7A4F16107192F04D8573CCBE789
:109650004FF0FF32D4E7531C08D12223CEF800305C
:109660006046B8F1000F9CD0691E06E006B140428A
:10967000B8F1000F95D0002AF6D1C8F8001090E795
:109680005FEC03002DE9F043364E86460D46284632
:1096900015F8014B375D17F00807F8D12D2C26D1AE
:1096A0002C780127851C3BBB302C32D00A234FF08D
:1096B000FF380026B8FBF3F803FB08F96FEA090945
:1096C0003046A4F1300CBCF1090F29D86446A342FE
:1096D00037DDB6F1FF3F07D080452FD301D1A1453B
:1096E0002CDB00FB0340012615F8014BE9E72B2C8E
:1096F00004BF2C78851CD6E7102BD8D1302CD6D1BE
:10970000287800F0DF005828D1D16C78102302357A
:10971000CDE72B7803F0DF03582BF6D00823C6E7FC
:10972000A4F1410CBCF1190F01D8373CCFE7A4F1EB
:10973000610CBCF1190F04D8573CC8E74FF0FF3655
:10974000D2E7731C06D12223CEF80030304632B95E
:10975000BDE8F08307B14042002AF9D006B1691E86
:109760001160F5E75FEC030010B50C4C236813B1F2
:109770000B4B1B682BB900F029FE30B9084B0122B6
:109780001A6001232360002010BD0138062801D98A
:10979000044810BD044B53F8200010BDA028002041
:1097A0009C280020FE8FFFFFCCE80300BFF34F8F03
:1097B0000549064BCA6802F4E0621343CB60BFF36D
:1097C0004F8F00BFFDE700BF00ED00E00400FA0589
:1097D00010B4094B09490A4C4FF0FE32C3F800247B
:1097E0004968C3F80424C3F80824C3F80C240023F0
:1097F000C4F8003510BC084700B0025078020020C1
:1098000000A00250D0E90012014BC3E900127047DA
:10981000780200202DE9F043134B144E002814BFAA
:1098200004461C4683B02368B34219D00D46204637
:109830004FF4E07104F10409174604F58E7800F046
:10984000E9F8484600F0ACFC404600F0DBFA084975
:1098500000972B464A46404600F0EAFA08B92660CF
:10986000002003B0BDE8F083A4280020A5BCC95A9D
:1098700029A2030070B51D460C4B002818BF0346F3
:109880000B481E68864282B00DD1002603F58E700B
:1098900000963346144600F017FB002818BF3446E4
:1098A0002C6002B070BD0348FBE700BFA428002075
:1098B000A5BCC95AE88FFFFF10B5044650B16368D4
:1098C00013F0685F05D0064A934202D0002323605C
:1098D000626010BD034B04485B689847EFE700BF28
:1098E0002C5F5CA978020020E8E80300C8B1436857
:1098F0000D4A934213D013F0685F0ED0012350E855
:10990000002F194640E8001C9CF0000FF7D1012AF7
:10991000F5D0BFF35F8F00207047044870470448BC
:1099200070476FF4E04070472C5F5CA9E98FFFFF40
:10993000EA8FFFFF80B14368094A93420AD013F0CF
:10994000685F05D0BFF35F8F002303601846704740
:1099500004487047044870476FF4E040704700BF08
:109960002C5F5CA9E98FFFFFEA8FFFFF10B504466B
:1099700020B1044B63600022226010BD0248FFF753
:1099800027FFF6E73A00003A10E9030070B5D0E986
:109990000023174C174D6360D0E90230C4E9023050
:1099A00022604868D1F800C0134BC3E900C0D5F865
:1099B0001801D1F808C0C3F808C010F0685FD1F8EA
:1099C0000CC00969C3F80CC0196110D00B49C5F867
:1099D000BC110023C5E9453105F58A70C5F8B831D9
:1099E0009047236805F5DC70BDE87040184770BDEE
:1099F00094020020A4280020800200202C5F5CA993
:109A000038B131B1014400220346013081421A705D
:109A1000FAD1704738B131B1014400220346013018
:109A200088421A70FAD170472DE9F04FB2F5C07F25
:109A3000B5B000F2D780DFF8B49114460D464FF46C
:109A4000D07200210DF15C080746484604F02DFA5B
:109A5000404601F051F9002309F11806A9F8103029
:109A600063BA29462246A9F812303046202389F8E5
:109A7000173004F00CFA5E4B079303F10433802295
:109A8000089303F104330993325503F1043307A912
:109A900040460A9301F046F9824600287FD104F13E
:109AA00019030BAE0FAC029303970196049401982F
:109AB000DFF840B11022002104F0F7F9DDF808A02A
:109AC00005940E9B5BF8044C5BF80C7C0B995BF8DF
:109AD000100C5BF8085CDDE90C625C40019B7E4089
:109AE000554081EA00071A4601214046CDE90B7630
:109AF000CDE90D5401F030F9BAF1100F94BFAAEB83
:109B00000A0AAAF1100A0BF1100B002865D1BAF16C
:109B1000000FD6D1059C01992046102204F0B7F918
:109B200099F8033010340133A04589F80330BED1D1
:109B3000049C039F019E80222146404601F0F2F8DA
:109B4000824670BB07F120093D4613AB1A4601213E
:109B5000404601F001F91022824613A92846154417
:109B6000BAF1000F1DD104F092F94D45EDD14046F8
:109B700001F0D2F81D484FF4D071FFF74BFF20469B
:109B80002021FFF747FF07A81021FFF743FF3046CA
:109B90001021FFF73FFF504635B0BDE8F08F0FAC06
:109BA0000BAE404601F0B8F810484FF4D071FFF703
:109BB00031FF20462021FFF72DFF07A81021FFF7D6
:109BC00029FF10213046FFF725FF20213846FFF7F7
:109BD00021FF504635B0BDE8F08F039F019E049CE5
:109BE0008246DEE76FF0370AF3E700BF742A0020F1
:109BF00000010203842A00202DE9F04188B00446C8
:109C00000D4620220021684604F04FF904F1200699
:109C10006F46E27B0132D2B2E273002A4DD1A27BC1
:109C20000132D2B2A273002A47D1637B0133DBB287
:109C30006373002B41D1237B0133DBB22373002BF1
:109C40003BD1E37A0133DBB2E372002B35D1A37A47
:109C50000133DBB2A372002B2FD1637A0133DBB265
:109C6000637253BB237A0133DBB223722BBBE379DC
:109C70000133DBB2E37103BBA3790133DBB2A37120
:109C8000DBB963790133DBB26371B3B92379013393
:109C9000DBB223718BB9E3780133DBB2E37063B9D4
:109CA000A3780133DBB2A3703BB963780133DBB235
:109CB000637013B92378013323703B462246012198
:109CC000304601F049F8804650BB103708AB9F4240
:109CD0009FD1029AAB68039F079953400293304685
:109CE000EE68009B7E400396049F2E697E4004969A
:109CF0006E69059F7E400596069FAE697E4006967A
:109D0000EE697140079129684B40009301996B6897
:109D100080224B406946019301F004F8804638B137
:109D200068462021FFF776FE404608B0BDE8F08186
:109D300010220DEB0201204604F0A9F8F0E700BF65
:109D40002DE9F84304468069B0F5C07F52D81D461E
:109D5000C0F5C073AB424DD3C5F5C0731B1A934217
:109D6000164647D3DFF898904FF4C0720F46484626
:109D7000002104F09AF8D4F89430A269D4F898003D
:109D800049469847002838D1D4F818803DB1D4E925
:109D900025302A4609EB0801984770BBA84407B153
:109DA000C6B9174942460846FFF73EFE054638B198
:109DB00013484FF4C071FFF72DFE2846BDE8F88325
:109DC0000F492046FFF718FF05460028F0D1012370
:109DD0002361EDE709EB08003946324604F057F8F5
:109DE0000749B04442460846FFF71EFE05460028D4
:109DF000DED1E5E76FF03705DFE76FF03305DCE72D
:109E0000142C002010B5A4220446002104F04DF8C3
:109E1000064B4FF0FF314FF6F0722161E26104F121
:109E20009C001B68BDE81040184700BFE4020020FA
:109E30002DE9F04385B005460F4616460021102255
:109E40006846994604F031F81D4B05F19C081B68E3
:109E50004046984720B10446204605B0BDE8F0834F
:109E600005F12004204600F047FFAA69C5E92576E0
:109E70002E69E2B92022002EAA611FDB2046694626
:109E8000802200F04FFF044630B90C9A3346494611
:109E90002846FFF755FF04460A4B40461B68984783
:109EA000002818BF0446204605B0BDE8F083002E08
:109EB000E4DA172A02D801325608DFE70026DDE788
:109EC000E0020020DC0200202DE9F04F8DB0B2F559
:109ED000806F169F00F2E380B7F5807F00F2DC8090
:109EE000044615460E462022002104A8984603F099
:109EF000DCFF6C4B04F19C091B684846984783467D
:109F0000002840F092802269E3699A4200F3918030
:109F10006369002B40F08D80002F40F0A980DFF8AE
:109F200088A16F46002D00F0988004F120086F464C
:109F30000EE0102DAB4628BF4FF0100B30465A46AE
:109F4000394603F0A4FFB5EB0B055E4400F08580B5
:109F5000E37B0133DBB2E373002B4DD1A37B0133F1
:109F6000DBB2A373002B47D1637B0133DBB2637396
:109F7000002B41D1237B0133DBB22373002B3BD178
:109F8000E37A0133DBB2E372002B35D1A37A0133DC
:109F9000DBB2A372002B2FD1637A0133DBB2637281
:109FA00053BB237A0133DBB223722BBBE37901333A
:109FB000DBB2E37103BBA3790133DBB2A371DBB97D
:109FC00063790133DBB26371B3B923790133DBB257
:109FD00023718BB9E3780133DBB2E37063B9A37803
:109FE0000133DBB2A3703BB963780133DBB263703A
:109FF00013B92378013323703B46224601214046A2
:10A0000000F0AAFE8346002893D0DAF800304846D4
:10A0100098472021034604A8002B18BF9B46FFF752
:10A02000F9FC10213846FFF7F5FC58460DB0BDE8A5
:10A03000F08F3A46414600232046FFF781FEDFF8C5
:10A0400068A000283FF46DAFDAF800304846984722
:10A05000834600283FF465AFE7E704A92046FFF7F1
:10A06000CBFD83460028D0D1236901332361CCE79F
:10A070003A46414604A8FFF7D7FC834618B1DFF8FB
:10A0800028A06F46C1E704A92046FFF7B5FD834627
:10A0900000283FF444AFF2E76FF0370BC5E76FF0ED
:10A0A000350BC2E7E0020020DC0200202DE9F0437E
:10A0B000202B8BB01D4606468846914626D8DBB23B
:10A0C00002AF8DF80480B0468DF8053058F8041BB7
:10A0D00021B9404600F084FE044640B901233360B4
:10A0E000022201A9404600F08FFE044638B13846EE
:10A0F0002021FFF78FFC20460BB0BDE8F0832A46F5
:10A100004946404600F080FE0446F0E702AF19469B
:10A11000104600233A4600F0FDFF04460028E6D131
:10A120002023B9461D46CCE7F0B5D0F8F830A7B0EB
:10A13000002BD8BF02AE2CDDD0F80C410546002321
:10A1400002AE0193A4F10107D0F80001D5F8FC405C
:10A1500001AB90223146A047B7FA87F77F09044642
:10A1600010B9019B3BB9A7B130469021FFF752FCD3
:10A17000204627B0F0BD014632462846FFF796FF3D
:10A1800050B9D5F80431019A1344C5F80431002FB1
:10A19000EAD16FF03C04E7E70446204627B0F0BD63
:10A1A00070B50025044604F5887614222946C0F8C7
:10A1B000F850FC3003F079FE08222946304603F0BF
:10A1C00074FE154B30461B689847204640F8045BE8
:10A1D00000F0ECFD114B30461B689847D8B9D4F815
:10A1E000F830AB4211DC03EB830204EB8202202146
:10A1F000C2F808110121C2F80C1101330849C2F854
:10A200000001C2F8FC10C4F8F830064B30461B6859
:10A21000BDE87040184770BDE4020020E002002055
:10A22000FDAB0300DC0200202DE9F047202A88B0B6
:10A2300079D83E4B00F588791B6804464846174696
:10A24000884698470546F8B9D4F8F83040F2011628
:10A25000002B64D02046FFF767FF054638B9D4F8D5
:10A26000F830002B14DC013EF2D16FF03B056E4656
:10A2700020213046FFF7CEFB2D4B48461B68984700
:10A28000002818BF6FF01D05284608B0BDE8F0870C
:10A29000D4E94132934203D3D4F80C21012A02D0ED
:10A2A000013ED7D1E1E71F2BFAD96E4601462022A5
:10A2B000304604F1040A03F0F8FD3146504600F040
:10A2C000CDFD05460028D3D1504600F083FD504611
:10A2D00000F06CFD2946504600F082FD054600283E
:10A2E000C6D150462022314600F08EFD054600289A
:10A2F000BED1034632462021304600F00BFF054612
:10A300000028B5D1D4F8F830002BC4BF0023C4F81E
:10A3100004313A464046314603F0B9FDA8E76FF0F4
:10A320003F056E46A4E76FF03B05ADE7E002002075
:10A33000DC02002030B58DB00021282202A8019156
:10A3400003F0B3FD02A800F00DFF044610B1204653
:10A350000DB030BD174D4FF0FF31286800F044F9C3
:10A36000044620B11448FFF733FA012C18D000201E
:10A3700000F06AF9D0B9114A02A901A800F030FC36
:10A380000446012000F060F960B9286800F034F953
:10A390000028DCD00A48FFF71BFA20460DB030BD7C
:10A3A0000524F2E70748FFF713FAEEE70648FFF740
:10A3B0000FFAE0E7C802002034E90300942D0020E2
:10A3C0008CE903006CE903004CE9030030B583B06D
:10A3D00000F05CF828B100F0ABF80324204603B08D
:10A3E00030BD00F077F8D8B900F02EF9E0B9224C72
:10A3F000D4F828391B0EF02B0AD1D4F8242A1F4B8D
:10A400009A4231D000F044F8072400F091F8E5E7D3
:10A4100000F03EF800F08CF80624204603B030BD72
:10A420000424204603B030BD00F032F800F080F87C
:10A43000FFF780FF044698B9114D2B68002BCDD152
:10A4400002460146FFF7E6F950B90E4901AB682212
:10A45000FFF710FA20B90C4B2B60204603B030BD3B
:10A460000524204603B030BD012000F0EDF800289F
:10A47000DAD1C4F80C0ADBE700B002500000E0209B
:10A48000B42F0020B82F00205AEA5A5A00207047F3
:10A4900000207047430504D5044B4FF0FF32C3F84A
:10A4A0000821024BC3F8080A704700BF00B00250F1
:10A4B000014BC3F8040A704700B0025008B100F025
:10A4C0006BB84FF47500704708B100F04FB84FF407
:10A4D0007500704710B5114800F072F800B110BD5A
:10A4E0000F4800F06DF80028F9D10E4C204600F01E
:10A4F00067F80028F3D10C4B0C481C6000F060F8A2
:10A5000001460028EBD100F02DF8044608B12046A2
:10A5100010BD00F07BF82046FAE700BFD80200200B
:10A52000D4020020D0020020C8020020CC0200206B
:10A5300008B5084800F04EF8074800F04BF8074807
:10A5400000F048F8064800F045F8BDE8084000F083
:10A550000BB800BFD8020020D4020020D002002097
:10A56000CC02002000207047704700BF10B4094C97
:10A570000246D4F8003A1342FBD021B1D4F804319A
:10A580000B60C4F80831034BC3F8082A002010BC44
:10A59000704700BF00B00250044AD2F8003A184297
:10A5A000FBD0C2F8080A0020704700BF00B002507C
:10A5B00003F028BE03F079BC0A46002103F075BC05
:10A5C00008B5034B02681B6810689847002008BD57
:10A5D0009402002008B5034B02685B681068984736
:10A5E000002008BD94020020024B02689B6810689E
:10A5F000184700BF9402002008B5034B0268DB68CF
:10A6000010689847002008BD9402002070B5094CDE
:10A61000094D2069AB68984718B1084B08485B683A
:10A620009847084AEB68206900211160BDE8704036
:10A63000184700BF8002002094020020780200200A
:10A64000A4E9030020300020F8B51A4D1A4E044644
:10A65000B26828699047E8B9184F3B684CB1A3B17C
:10A66000012B19D0013B3B602869F3689847002013
:10A67000F8BD43B9124A0121C2F800151149D1F8B9
:10A680001029002AFBD101333B60F3682869984701
:10A690000020F8BD0C48F8BD0A4AD2F81039002B4A
:10A6A000FBD1074A6FF07E40C2F80035FFF700FF8C
:10A6B0003B68D7E780020020940200202030002071
:10A6C00000A0025000B00250E98FFFFF014B1B6851
:10A6D000184700BF94020020014B9B68184700BF39
:10A6E00094020020014BDB68184700BF9402002051
:10A6F0002DE9F047002878D00C46002975D01D467A
:10A70000002B72D007461AB1012200232A60036091
:10A710002B68002B64D02946204600F0DBFD8046E4
:10A7200000285FD12868214600F0BAFD8046002845
:10A7300058D12B68082B6CD0042B6DD0A3F10209E3
:10A74000B9FA89F94FEA5919354E0121C6F8C411F1
:10A75000C6F84011C6F8C411636AC6F83031D6F89D
:10A7600030219342F6D14FF0000A4FF0FF30C6F887
:10A770002CA1FFF78FFE6FF01B03C6F80031504687
:10A78000FFF796FEC6F80C91D6F8040A40F48060F4
:10A79000FFF78EFE0A23C6F83831089B012B29D01B
:10A7A0002369204AA2FB03231B09626A02FB03F30D
:10A7B00003EB43031A4ADB039B09C2F8D831012398
:10A7C000C2F82C313B682A6823F07F4343EA0263D6
:10A7D0003B602A6843EA02233B604046BDE8F087BD
:10A7E000DFF844804046BDE8F087DFF8408040460F
:10A7F000BDE8F0874FF08053D3F80C2C013206D01F
:10A80000D3F80C3C074AA2FB03231B09CDE7162310
:10A81000CBE74FF0030997E74FF0020994E700BF39
:10A8200000B00250ABAAAAAA310CF100350CF1001D
:10A8300050B34B1EB3F5047F26D24FF0000C30B559
:10A84000CD00E6466446630904F01F0150F823304A
:10A850001F2923FA01F306D003F001031CB90124D8
:10A860009E46A446EFE79E4504F1010406D09E46AD
:10A870004FF0010CAC42E6D1002030BD0CF1010CD0
:10A880009445F7D1014830BD00487047360CF100BF
:10A89000C8B32DE9F0434C1EB4F5047F1CD2DBB1E4
:10A8A000D2B14FF0000ECF007646F046754603F168
:10A8B000FF396C0905F01F0150F824401F2924FAC4
:10A8C00001FC0CD00CF0010C4DB90126E0463546D8
:10A8D000B646EEE7964218D90D48BDE8F0837345B9
:10A8E0000CD0C44508BF0136F145F3D00EF1010E7E
:10A8F0000135BD42DDD10020BDE8F0834FF0010EEF
:10A90000E0467646F4E7024870479E46F0E700BF0F
:10A91000370CF1002DE9F04F91B00D46DDE91B41F8
:10A92000824600296ED1286906901A981C6000237F
:10A930000360002A00F02E819C4B6A6AD3F838111C
:10A94000D3F830319A4269D10A2967D19AF8033095
:10A95000089304F1080306990793954B934CA3FBC6
:10A9600001239B0803EB4303A1EB4303039304235D
:10A9700005931A9B069E1E60002E00F0E9800027BA
:10A9800000F0B8FC0997BAF1000F00F0D580DDF8AF
:10A990001C804FF00109002D00F0CE80089B002B99
:10A9A0003ED008A9284600F095FC00283AD0814BFB
:10A9B000984220D0089B082B00F0E4805B00002226
:10A9C0000893009208AB29465046FFF791FE7A4B58
:10A9D000984200F0D38070B9DAF80020130A03F42B
:10A9E0007F03134323F07F43CAF80030059B013BEC
:10A9F0000593BED10020039000F07CFC039811B0B9
:10AA0000BDE8F08F4FF08050D0F80C6C013614BFC9
:10AA1000D0F80C0C4FF40470069086E76748EAE71C
:10AA20006548C4E70898294600F03AFC0028BED1E2
:10AA3000089B082B00F0A880042B00F0A880A3F14D
:10AA40000203B3FA83F35B090493C4F8C491C4F816
:10AA50004091C4F8C4916B6AC4F83031D4F8302105
:10AA60009342F6D14FF0000BC4F82CB14FF0FF30F9
:10AA7000FFF710FD6FF01B035846C4F80031FFF7D5
:10AA800017FD049BC4F80C31D4F8040A40F480602C
:10AA9000FFF70EFD0A23C4F838312B69ABF1553BA3
:10AAA000ABFB03236A6A1B0902FB03F303EB4303BB
:10AAB000DB039B09C4F8D831C4F82C91DAF80030D4
:10AAC000089923F07F420B0243EA01631343CAF85B
:10AAD000003009A800F0D4FB099B03F01A030343DC
:10AAE0007FF468AFABFB063BD4F814310A93D4F87B
:10AAF00018310B93D4F81C310C93D4F820310D93FA
:10AB0000D4F824310E93D4F828310F93B7EB9B0F70
:10AB100001D1039B93B9404618220AA9183EFFF7BA
:10AB200047FD08F11808013796B100F0E3FB002358
:10AB30000993002D7FF432AF214838E74046F61ADA
:10AB40001A460AA998440137FFF732FD002EECD1CE
:10AB5000069F079E6A6939463046FFF769FEAA6973
:10AB600040B94FF4806339463046FFF791FE002824
:10AB70003FF440AF1A9A0023136018E72B6A002BAA
:10AB80003FF439AF0F4836E7032304935DE7022310
:10AB900004935AE7009108AB012229465046FFF77B
:10ABA000A7FD00283FF4D5AE25E700BF00B0025056
:10ABB000ABAAAAAA020CF100310CF100300CF10092
:10ABC000350CF100320CF10010B4DDE901340194D0
:10ABD000039C02940024039410BCFFF79BBE00BFAB
:10ABE00010B586B005AB0124CDE901240093002205
:10ABF00004ABFFF78FFE06B010BD00BFF0B587B005
:10AC0000002966D01E46002B63D01446002A60D06F
:10AC1000314F0D4638684FF0FF31FFF7E5FC002853
:10AC20004DD10020FFF710FD002844D12B4800F043
:10AC300099FA0346D8B101204FF0FF35FFF704FD24
:10AC4000002834D126484FF40871FEF7D9FE254874
:10AC50000421FEF7D5FE21482821FEF7D1FE3868F1
:10AC6000FFF7CAFC00282ED1284607B0F0BD1C4AC9
:10AC7000029205AA019204AA03900092174919486A
:10AC80001A46FFF7A1FF03460028D4D128461D46E7
:10AC9000059B04999C42224628BF1A46326008311F
:10ACA000FFF786FC0120FFF7CFFC0028CAD00E4832
:10ACB000FEF78EFDC6E70D48FEF78AFDB6E70C48A5
:10ACC000FEF786FDADE70B48FEF782FD284607B08C
:10ACD000F0BD4FF0FF35C7E7C80200202830002044
:10ACE00050300020243000206CE903004CE90300C0
:10ACF00034E90300C4E9030010B5044630B1002272
:10AD000001236265A265E365236610BD0148FEF775
:10AD10005FFDF4E7DCE9030018B174220021FFF7BE
:10AD200049BC704790B1A1B110B5802A4FF0000422
:10AD3000846380F83C4006D1102204631044FFF77E
:10AD400037FC204610BD6FF01F0010BD6FF02100D2
:10AD500070476FF01F00704728B322B31BB301295F
:10AD600021D870B50446816B86B017D0012917D160
:10AD7000102500210DEB0506616310460095019634
:10AD800002AA294600F0C2FA50B92B46324602A95F
:10AD9000204600F043FD18B906B070BD0029E7D089
:10ADA0006FF02100F8E76FF02100704710B50446FE
:10ADB00028B12046F421BDE81040FFF7FDBB044850
:10ADC000FEF706FD2046F421BDE81040FFF7F4BB76
:10ADD000F0E9030010B1F421FEF712BE704700BF86
:10ADE00008B521B1012908D06FF0360008BD012156
:10ADF00000F058F80028F7D108BD022100F052F801
:10AE00000028F9D0F0E700BF30B505468818B0F546
:10AE1000801FA1B00B46144601D8802A0CD9B3F587
:10AE2000801F17D922461946284600F07DF80446AF
:10AE300084B9204621B030BD6846FFF7B9FB2246F1
:10AE40006946284600F070F8802104466846FFF7FE
:10AE5000B3FBEDE76FF03604EBE700BF70B5E8B188
:10AE60000E46D9B1044600F031F80546B0B9236862
:10AE7000012B0BD0022B01D0284670BD1C2204F1FF
:10AE800008013046FFF794FB284670BD202204F1EC
:10AE900008013046FFF78CFB284670BD6FF0360581
:10AEA000EAE700BF78B138B504460D46F021FFF758
:10AEB00083FB40232560E365204600F05BFA003801
:10AEC00018BF012038BD0120704700BF70B5056E66
:10AED000A4B0044604AEE5B9012200236260304606
:10AEE000CDE9003302AA294600F010FA10B1012082
:10AEF00024B070BD2A4602A9204600F063FA00285B
:10AF0000F5D1204600F074FB0028F0D1206624B073
:10AF100070BD802D2A4600F1640128BF8022304692
:10AF2000FFF746FB256ED7E7002800F0AE802DE93D
:10AF3000F04F1446A5B0002A3DD00F46002949D055
:10AF4000B2F5803F0546006E20D34FF6FF7805F13D
:10AF5000640AEB6D1A1AB2FBF3F103FB1122002A0B
:10AF600065D18342B9464FF6FF7672D0B6FBF3FB4C
:10AF700003FB0BFBBBF1000F30D1002E45D1A4F534
:10AF80007F44FF3CB4F5803F4744E2D2EA6D161A95
:10AF9000B6FBF2F302FB1366A64228BF2646002E3C
:10AFA00075D1824200F08D80B4FBF2F602FB06F60A
:10AFB0002EB9002C79D1002025B0BDE8F08F0023F8
:10AFC000CDE9003302AA3146384600F09FF9002847
:10AFD00000F09580012025B0BDE8F08F0023CDE979
:10AFE000003302AA5946484600F090F90028F1D1F2
:10AFF00002A95A46284600F0E5F90028EAD1A6EB56
:10B000000B06286ED944002EB9D01930494605EBFD
:10B0100080003246FFF7CCFAA4F57F44286EFF3C4F
:10B020003044B4F5803F4744286692D2AEE74245AB
:10B0300028BF4246504439461646FFF7B9FA286EF3
:10B04000EB6D3044834207EB06092866A8EB060641
:10B050008CD1802B28BF80231A46514604A8FFF7C5
:10B06000A7FA0023CDE9003302AAE96D04A800F095
:10B070004DF90028AED1EA6D02A9284600F0A2F9E8
:10B080000028A7D1EB6D286670E70120704705F115
:10B090006403394632461844FFF78AFA286EEA6D8F
:10B0A0003044A41B374428667BE72B6E193305EB2D
:10B0B000830022463946FFF77BFA2B6E23442B662A
:10B0C00079E7802A28BF802205F1640104A8FFF7F0
:10B0D0006FFA0023CDE9003304A8E96D02AA00F05D
:10B0E00015F900287FF476AFEA6D02A9284600F032
:10B0F00069F900287FF46EAFEA6D286654E702A96B
:10B100003246284600F05EF900287FF463AF3744EA
:10B11000A41B4EE7F8B51C46054611480E461746D7
:10B12000FFF744FE21460E48FFF75AFE044620B1C1
:10B130000B48FFF74FFE2046F8BD09483246294626
:10B14000FFF762FE04460028F2D139460448FFF7B3
:10B1500085FE04460248FFF73DFE2046F8BD00BFCD
:10B160007032002030B583B01C2301A9054601933D
:10B1700000F032F8044638B9019B1C2B07D0144C60
:10B180001C212846FFF718FA204603B030BDD5E948
:10B190000112131E18BF012300392A6818BF0121AC
:10B1A0009B0043EA4103002A18BF43F00103EA6809
:10B1B0000120E8612AB9C5E90834002BE4D1054C27
:10B1C000DEE743F008032046C5E9083403B030BD8C
:10B1D000370CF0000E0CF00018B111B10B681C2BED
:10B1E00001D0012070474FF08053D3F8102C01326A
:10B1F00014BFD3F8102C41F25C224FF08053026050
:10B20000D3F8142C013214BFD3F8142C41F6641275
:10B210004FF080534260D3F8182C013214BFD3F89A
:10B22000182C40F6D8624FF080538260D3F81C2C63
:10B23000013214BFD3F81C2C41F288324FF08053F6
:10B24000C260D3F8002C013214BFD3F8002C902236
:10B250004FF080530261D3F8042C013214BFD3F8AD
:10B26000042C51224FF080534261D3F8082C013254
:10B2700014BFD3F8083C40F2373383610020704795
:10B2800008B501464FF48060FFF71EF9034B00221A
:10B29000C3F8C821C3F82C2108BD00BF00B002507C
:10B2A0000138072805D8DFE800F0100E040A04046E
:10B2B000040607487047CB684B62002070478B68D4
:10B2C0004B62002070474B68F6E70B68F4E700BF5D
:10B2D000310CF1000B6802E0082B0B6006D8026A03
:10B2E00013424FEA4303F7D00020704700487047ED
:10B2F000310CF100044B0022C3F82C214FF4806084
:10B30000C3F8C421FFF7C6B800B00250F0B583B04F
:10B310001D46B0F1005F4FF000038DF8073024D3D5
:10B320008C468444BCF1804F04461ED817460DF16C
:10B330000703012200F064FE0646B0B9099A9DF8A1
:10B3400007303C603B7192B14DB1024608990DF156
:10B350000703284600F054FE38B99DF80730099AD3
:10B3600030461560137103B0F0BD4FF475063046DA
:10B3700003B0F0BDD8B108B50368012B04D0022B8F
:10B380000FD043B10B4808BD0B4920220830FFF70E
:10B390000FF9002008BD094914220830FFF708F909
:10B3A000F7E7074920220830FFF702F9F1E74FF4E9
:10B3B000730070470100F30000EA030040EA030055
:10B3C00020EA03002DE9F843002900F0F980044643
:10B3D000002800F0F980036890460F46002B00F02B
:10B3E000C380013B012B00F2D78079484FF0FF3139
:10B3F0004FF00209FFF7F8F8002840F0BF80002066
:10B40000FFF722F90646002840F0C280714AD2F8C0
:10B410001C39002BFBD16F4DD5F8203C002BFBD104
:10B420004FF0FF30FFF736F8D5F8040A20F040005F
:10B43000FFF73EF801230722C5F81838C5F80029A0
:10B44000C5F8C437A36CC5F8CC37E36CC5F8D03762
:10B45000C5F8C09723685BB1013B012B18D8636A1C
:10B46000C5F85C36236AC5F85836E369C5F8543622
:10B47000584BA269C3F850266269C3F84C2622696A
:10B48000C3F84826E268C3F84426A268C3F84026F9
:10B49000504AD2F81039002BFBD1B8F1000F5FD021
:10B4A0006368012B08BFC2F884364A4B3A68C3F878
:10B4B000282C4020C3F82C8CFFF700F80646454A9C
:10B4C000D2F81039002BFBD1424AD2F8203C002B95
:10B4D000FBD123685BB1013B012B18D8D2F85C3655
:10B4E0006362D2F858362362D2F85436E361394B9E
:10B4F000D3F85026A261D3F84C266261D3F84826CF
:10B500002261D3F84426E260D3F84036A360314A82
:10B51000D2F8CC17A164D2F8D017E164002301213E
:10B52000C2F8C417C2F88436C2F8C837D2F8103946
:10B53000002BFBD1C2F81838002E3BD1254BD3F895
:10B54000040A40F04000FEF7B3FF0120FFF77CF84B
:10B5500060BB1F48FFF750F810BB3046BDE8F883CA
:10B560000423C2F8C837AAE719484FF0FF314FF05B
:10B570000109FFF739F800283FF441AF1648FEF7FC
:10B5800027F90020FFF760F8064600283FF43EAF99
:10B590001248FEF71DF939E7114E3046BDE8F88331
:10B5A0001048FEF715F93046BDE8F8830E48FEF75F
:10B5B0000FF9CEE7102104F10800FEF7FDFFBDE70B
:10B5C0000A4E3046BDE8F8834FF47306C5E700BF66
:10B5D000D802002000B0025034E903004CE9030017
:10B5E0000100F3008CE903006CE903000300F300A1
:10B5F00098B370B4D0E90241D0E9042326BA0DBA59
:10B6000014BA19BAD0E9062312BAC0E9044182611A
:10B61000D0E90842C0E902651BBA25BAC0E907357E
:10B6200014BAD0E90B23816A12BA09BAC0E90941F8
:10B63000C262D0E90D421BBA25BAC0E90C3514BA72
:10B64000D0E91023C16B12BA09BA1BBAC0E90E4186
:10B65000C0E91023002070BC70474FF4730070479E
:10B66000002847D090F83C30002B34D0032B10B585
:10B6700013D02248224C2268224B1268C3F80024BF
:10B6800022685268C3F8042422689268C3F8082428
:10B690002268D268C3F80C2410BD016B006C184CF2
:10B6A00000F0A8FB0028E6D12268164B1268C3F808
:10B6B000002422685268C3F8042422689268C3F800
:10B6C00008242268D268C3F80C2400F0A1FB0028EB
:10B6D000D1D1002010BD0B4B0269C3F80024426990
:10B6E000C3F804248269C3F80824C269C3F80C248F
:10B6F000002070474FF47100704700BF0900F1004F
:10B70000C402002000B00250374A38B50446D2F8CF
:10B710001039002BFBD1344AD2F87034002BFBD106
:10B72000314AD2F8203D002BFBD12F4AD2F8203CE1
:10B73000002BFBD12C4AD2F8383D002BFBD12A4DEF
:10B74000D5F8383C002BFBD14FF0FF30FEF7A2FEBE
:10B75000636BD5F8040A23F00403032BE36D39D09F
:10B76000012B0CBF20F0800020F02000FEF7A0FE8F
:10B770001D4A0123C2F80039D2F81039002BFBD141
:10B78000194AD2F87034002BFBD11749C2F8BC34E7
:10B79000D1F81039002BFBD1134AD2F87034002BAA
:10B7A000FBD1626B22F00401032918BFA36B0E4981
:10B7B0004FEA820218BF03F0010302F01C021A4391
:10B7C000C1F8C024636B072B04BF0123C1F87C348C
:10B7D000002038BD012B0CBF20F0400020F01000ED
:10B7E000FEF766FEC4E700BF00B00250094A0A4BEC
:10B7F00011680968C3F8001411684968C3F8041493
:10B8000011688968C3F808141268D268C3F80C2458
:10B81000704700BFC402002000B002502DE9F04F75
:10B8200085B0002900F0EC809046002A00F0E88006
:10B830000546002800F029819946C36D0E46002B6D
:10B8400052D1B9F5805F54D295F83C30042B00F00A
:10B85000FF800027AD484FF0FF31FEF7C5FE0028FE
:10B8600040F0D5800020FEF7EFFE002840F0D880A1
:10B87000A7480123C0F81038D0F81049002CFBD19C
:10B880006B6B032B3ADC002B3BDAA24CA04AD2F8BC
:10B890001039002BFBD1002F40F0D1806B6BEA6D8B
:10B8A00023F00403032B9A4BD3F8040A00F09F8083
:10B8B000012A0CBF40F0800040F02000FEF7F8FDA8
:10B8C000934B0022C3F810280120FEF7BDFE00288C
:10B8D00040F0B1808D48FEF78FFE002840F0A48034
:10B8E000204605B0BDE8F08F012BADD1B9F5803F02
:10B8F000AAD3894C204605B0BDE8F08F063B012B4A
:10B90000C3D8AB6B012B00F2BE80EB6D012B7CD852
:10B910002B6E012B00F2E8802846FFF7F5FE044667
:10B920000028B3D12846FFF79BFE04460028ADD17E
:10B930006B6B072BA9D801229A4012F08A0F40F0B6
:10B94000D58012F0440F40F0BA80D2079DD523F085
:10B950000403032B32680DD02B6ED8F80010012B96
:10B960006B4B0BBFC3F8281DC3F8301DC3F82C9DCB
:10B97000C3F8349DEB6D012B654B0BBFC3F8282C2E
:10B98000C3F8302CC3F82C9CC3F8349C6B6B23F0A9
:10B990000403032B00F0A2802B6E012B14BF202088
:10B9A0008020FEF78BFD044600287FF46FAF584BD4
:10B9B000D3F81049002CFBD1696B072914D8012258
:10B9C0008A4012F08A0F40F0BB8012F0440F0BD077
:10B9D000D3F860242A60D3F864246A60D3F868241A
:10B9E000AA60D3F86C34EB600123AB654EE7012A03
:10B9F0000CBF40F0400040F01000FEF759FD5FE73B
:10BA0000464C204605B0BDE8F08F454C3EE7454822
:10BA1000FDF7DEFE0020FEF717FE00283FF428AFFA
:10BA20004148FDF7D5FE23E74048FDF7D1FE20460B
:10BA300005B0BDE8F08F3E48FDF7CAFE4AE7042393
:10BA400085F83C30202105F11000FEF7B5FD25E713
:10BA5000296B286C00F0C0F998B9364F2C4C3B6824
:10BA60001B68C4F800343B685B68C4F804343B6866
:10BA70009B68C4F808343B68DB68C4F80C34296B55
:10BA800031B10127E6E62C4C00E74FF4710427E7BB
:10BA90002B6D0193EB6C009305F1100A4FF0100B26
:10BAA000CDF808A0CDF80CB0D5E91123286C00F032
:10BAB000B9F9002851D1002385F83C30E1E7144B57
:10BAC0002A68C3F860246A68C3F86424AA68C3F8C3
:10BAD0006824EA68C3F86C246B6B38E7EB6D012BC4
:10BAE00014BF102040205CE7144CCFE6084B2A68B6
:10BAF000C3F840246A68C3F84424AA68C3F84824F9
:10BB0000EA68C3F84C246B6B21E700BFD802002021
:10BB100000B002500100F1000500F1000B00F1003F
:10BB20000300F10034E903004CE903008CE9030051
:10BB30006CE90300C40200200200F1000400F100DF
:10BB4000D3F840242A60D3F844246A60D3F8482408
:10BB5000AA60D3F84C34EB6046E73B681B68C4F836
:10BB600000343B685B68C4F804343B689B68C4F8E5
:10BB700008343B68DB68C4F80C3459465046FEF77D
:10BB80001BFD98E72DE9F04109B302B304460028F4
:10BB900000F0AF801D46436B072B0E461BD05DB9EE
:10BBA000032B10D1836D73B900F16403456685667C
:10BBB000C56605670B6010252B4631462046BDE85B
:10BBC000F041FFF72BBE2F463846BDE8F081764F97
:10BBD0003846BDE8F081C36D002B40F08D80B5F58F
:10BBE000805F80F090801DB9A36D002B40F08B80AA
:10BBF0006E484FF0FF31FEF7F7FC002840F08F80D1
:10BC00000020FEF721FD002840F08580684A0123CE
:10BC1000C2F81038D2F81039002BFBD1636B032B1C
:10BC20004FDD063B012B4ED8A36B012B6DD8E36D86
:10BC3000012B78D8236E012B77D82046FFF764FDBF
:10BC40000746002840D12046FFF70AFD0746002896
:10BC50003AD1626B072A36D80123934013F08A0F3A
:10BC600040F0818013F0440F6FD1DB072BD5504B90
:10BC70000122C3F87C24C3F8BC543168002D56D18E
:10BC8000A16D09B9C3F82425494BD3F81079002FC9
:10BC9000FBD1616B072917D801228A4012F08A0F65
:10BCA0006FD112F0440F0FD0D3F860242260D3F884
:10BCB00064246260D3F86824A260D3F86C34E36033
:10BCC00002E0002BB0DA3B4F394AD2F81039002B92
:10BCD000FBD1C2F810380120FEF7B6FCB8B93348E2
:10BCE000FEF78AFC00283FF46FAF3348FDF770FD84
:10BCF0006AE74FF4710767E7012B7FF474AFB5F57E
:10BD0000803FFFF470AF2D4F5EE72D4FDCE72D48ED
:10BD1000FDF75EFDE3E72C48FDF75AFD76E72B487B
:10BD2000FDF756FD6CE72A4FCEE72A4FCCE7E26DD0
:10BD3000012A33D0C3F8301C1020C3F8345CFEF75E
:10BD4000BDFB074600289FD0BEE7194B2268C3F809
:10BD500060246268C3F86424A268C3F86824E268B7
:10BD6000C3F86C2483E7124B2268C3F8402462684E
:10BD7000C3F84424A268C3F84824E268C3F84C24FA
:10BD800075E7D3F840242260D3F844246260D3F8E6
:10BD90004824A260D3F84C34E36095E7C3F8281C2C
:10BDA0004020C3F82C5CCAE70B00F100D802002049
:10BDB00000B002500100F1008CE903000500F10021
:10BDC0000200F1006CE903004CE9030034E90300D0
:10BDD0000300F1000400F10029B9044B002814BF4E
:10BDE0001846002070470248704700BF0100F70066
:10BDF0000300F70029B9044B002814BF184600209F
:10BE000070470248704700BF0100F7000300F700C9
:10BE1000034B00200122C3F8380AC3F87824704786
:10BE200000B002502DE9F047CCB00024579DDDF85A
:10BE30005881824689461646214674220EA81F461E
:10BE400002F033F8802221462CA82B9402F02DF822
:10BE50008423B5F57F6FCDE90A44CDE90C44059301
:10BE600063D8FFF7C3FC05AB30462BAE01930295B8
:10BE7000DDE954233946009600F062F800284FD1DE
:10BE800003238DF813309DF813308DF87430072399
:10BE900000221C9010210EA81B9301240123CDE940
:10BEA0002423CDF86890CDF878A026940DF12009D0
:10BEB000FEF782FB102200920599CDF804900AABA0
:10BEC000304606AAFFF722FA074670B11DE00EA918
:10BED00008EB0700FEF76CFB10210EA8FEF76CFBC9
:10BEE0000134AD1B3744E4B224D0102D4A46059BE3
:10BEF0008DF8AC4006A90EA82E4628BF1026FFF7E5
:10BF000041FE32460028E2D007460EA874220021E6
:10BF1000FEF750FBFFF76AFC38464CB0BDE8F087EF
:10BF2000054F38464CB0BDE8F087044F38464CB05A
:10BF3000BDE8F0872F46E8E70E00F1000F00F100A2
:10BF40002DE9F04182B01E460A9D0023B5F57F6FB2
:10BF500001933ED8ED00B5F5807F174601F1FF3221
:10BF600034BF032304233F2A0C46009331D880B307
:10BF700066BB089A6AB3099A116851B3A2191344AF
:10BF8000994226D3089B01462246581CFEF710FB17
:10BF9000089B04F102081C440023637026BB089B25
:10BFA0000095FF2D03EB080017D92B029BB243EA43
:10BFB0001523022201A90193FEF7FAFA08F1020300
:10BFC000099A0020136002B0BDE8F0810FB1402E45
:10BFD000CFD90A4802B0BDE8F08101226946FEF7D8
:10BFE000E7FA08F10103EBE7089B324603EB080090
:10BFF0003946FEF7DDFAB044D1E700BF0600008005
:10C0000000201870704700BF704700EBC1004088E7
:10C0100040087047F8B50346FFF7F7FFB0FA80F025
:10C02000C0F11F0003EB800CCA00DCF81060171D84
:10C030000C4606328DB256B9012101FA00F0D968DA
:10C040000143D960CCF81040DD539D52F8BDF1009A
:10C050000431585AD85303EBC0009E52C5805D523C
:10C06000F4E710B500EBC104E388994202F1040142
:10C070000AD1012303FA02F2C36823EA0203C36070
:10C08000002340F8213010BDA28840F8213000EB99
:10C09000C20100EBC300CB808280F4E708B5034601
:10C0A000FFF7B3FFB0FA80F2C2F11F021846BDE8F5
:10C0B0000840FFF7D6BF2DE9F843B1FA81F5C5F185
:10C0C0001F0900EB89080346D8F810200E46C2B1BC
:10C0D0000327D8F8104018462146FFF796FFB042D4
:10C0E00006D34A461846FFF7BCFF2046BDE8F88352
:10C0F00003EBC404013FE088C8F8100001D082427D
:10C10000E7D1C5F120024FF0FF349440DA681440C3
:10C11000EBD094FAA4F2B2FA82F2111D53F8214046
:10C120002146DFE738B50346FFF76FFF0D460446AB
:10C1300011461846FFF769FF03EBC505044460008C
:10C1400068801846FFF761FF014423F8314038BD8D
:10C1500038B50346FFF759FF0C46A51A511A03EBF1
:10C16000C40405444800608003EBC2006C004480B6
:10C1700023F8321018461146FFF747FF014423F811
:10C18000315038BD38B50546FFF73FFF0C46014436
:10C1900005EBC1035B88DA070AD42846FFF77EFF68
:10C1A00021462846FFF731FF22182846FFF7BAFF3D
:10C1B00035F83410611A05EBC1035B88DB070CD43A
:10C1C0002846FFF76BFF35F834102246611A2846DF
:10C1D000FFF7A8FF35F83430E41A21462846BDE8B9
:10C1E0003840FFF717BF61B100680439091A21F020
:10C1F00007030344C9085A8822F001025A80FFF756
:10C20000C1BF704770B5056809B9002070BDAB6843
:10C21000B3EBD10FF9D90B31CC0821462846FFF7F3
:10C220004AFF06460028F0D001462846FFF7EDFEFB
:10C23000A04207D932192846FFF78AFF114628463F
:10C24000FFF7E8FE05EBC6021046538843F00103F2
:10C2500053800430DAE72DE9F84301F1FF3919EA98
:10C26000010906680F4614460CD04B420B40042BC4
:10C270001A464F4628BF0422994664B9002528462D
:10C28000BDE8F883042904D8BDE8F8431146FFF758
:10C29000B9BF0422F1E7B368B3EBD40FEED904F1D0
:10C2A0000B013944891AC9083046FFF704FF80465C
:10C2B0000028E3D009F1040505EBC0057B1E3544D9
:10C2C0001D44B5FBF7F57D43A5EB09052C442B1F59
:10C2D00007349B1B24F00704A41BB0EBD30F4FEAD9
:10C2E000D3074FEAE40408D201463A463046FFF746
:10C2F0002FFF41463046FFF78DFE39463046FFF7A7
:10C3000084FE3844844207D230462246FFF720FF9D
:10C3100021463046FFF77EFE06EBC706738843F0E2
:10C3200001037380ABE7043A2DE9F041CC1D1144C1
:10C3300024F0070421F007010E1BF708B7FA87F273
:10C34000C2F12405AD004FF000080735C2F120020C
:10C35000ED0804604146A760C4F80C80920004F127
:10C36000100001F0A2FD6B0043F00103638004EBB9
:10C37000C5027B1B5900A4F800805180A21924F843
:10C380003550A2F80280A35304EBC70329465A880C
:10C3900042F001025A802046BDE8F041FFF73ABE64
:10C3A000002070470FB407B504A951F8040B0191A0
:10C3B000EEF7FAFD03B05DF804EB04B070470446F5
:10C3C00008B5084611461A46A047FCF77BF8F0F777
:10C3D000D1FE2DE9F0410746884615461E46144613
:10C3E000B44205D30EB1601B08E02378002BFAD0CD
:10C3F00014F8010B4146B8470028F1DABDE8F08196
:10C40000036800220BB9184670478B4210D10B68A5
:10C4100042B942680360914200D1436000230B603F
:10C420000120704713604368994208BF4260F5E7F6
:10C430001A461B68E6E7038B13F0070305D1036870
:10C44000002B0CBF002003207047022B05D1408B2E
:10C45000B0FA80F0400980007047012B05D10368D5
:10C46000002B0CBF0020052070470020704710B53E
:10C470000C4600B111B96FF0150010BD081D00F099
:10C48000D2F80028F9D1A368032BF6D9F3E72DE9F8
:10C49000F0410D4607461946281D90461E4600F0FD
:10C4A000D3F8044638B13346424629463846A446B6
:10C4B000BDE8F0416047BDE8F08110B4EFF31182B0
:10C4C000402484F31288BFF36F8F416110BC0121B7
:10C4D000EFF784B938B50C46054658B151B10B6831
:10C4E00043B14B6833B11C22002101F0DEFC2C610A
:10C4F000002038BD6FF01500FBE770B505460E460D
:10C50000FFF7B5FF041E14DBEFF31182402383F322
:10C510001288BFF36F8F6B8B2C8B4FF6FF718B42A2
:10C5200004F0070407D182F31188BFF36F8F6FF017
:10C530000A04204670BD022C0CD101336B8382F3B8
:10C540001188BFF36F8F0023224631462846FFF73C
:10C550009EFFEEE7062C14D8DFE804F00413131353
:10C56000041A0400002333606B683BB9C5E9006618
:10C57000ACB902212846EFF731F9DAE71E606E60A8
:10C58000F6E782F31188BFF36F8F6FF00404D0E7F2
:10C5900082F31188BFF36F8F6FF08504C9E782F3D0
:10C5A0001188BFF36F8FC4E710B5EFF311824023FA
:10C5B00083F31288BFF36F8F048B04F00704022CFF
:10C5C0000AD0012C0CBF6FF004006FF0850082F3DD
:10C5D0001188BFF36F8F08E0438B013B9BB243830D
:10C5E00023B92146EFF7FAF8204610BD2046EEE7C2
:10C5F00038B5A8B1A1B1EFF31185402282F31288BA
:10C60000BFF36F8F048BFFF7FBFE30B104F0070020
:10C6100085F31188BFF36F8F38BD6FF07700F7E7B0
:10C620006FF01500F8E7034658B1426802F00302C4
:10C63000012A03D0032A04D1026812B100209860B5
:10C6400070476FF0150070474268816002F0030286
:10C65000032A4FF0000203460CBF006810465A60E0
:10C660007047F0B5C6684568C369AF1B04464069AA
:10C67000BB4298BFFF1AA5EB0000944698BFF6187E
:10C680001A1AD81B2368AD1B62452B4428BF62468B
:10C690000B606368904228BF104603446360F0BD9E
:10C6A000D0E90123D21A8A420CD31944C368C26963
:10C6B000C0E90111C91A8A4201D900207047134408
:10C6C000C360FAE76FF0150070472DE9F34180462B
:10C6D0000E46154600272A4601A94046FFF7C1FF2E
:10C6E000314604460246019801F0D1FB2D1B274438
:10C6F000264401D0002CEED139464046FFF7D0FF4A
:10C70000384602B0BDE8F081F0B504468669056997
:10C71000C069A368AF1BB842944698BF3618A3EB14
:10C7200005022368A5EB060598BF3F1A2B44624516
:10C73000A0EB070028BF62460B602369904228BF28
:10C74000104603442361F0BDD0E90423D21A8A4283
:10C750000CD31944D0E90632C0E90411C91A8A423F
:10C7600001D90020704713448361FAE76FF0150088
:10C7700070472DE9F34180460D46164600273246A4
:10C7800001A94046FFF7C0FF04462DB102460199BA
:10C79000284601F07CFB2544361B274401D0002CA1
:10C7A000EDD139464046FFF7CFFF384602B0BDE82D
:10C7B000F081704710F0700F08D100F07F0310F087
:10C7C000800F18BF10330120984070470020704739
:10C7D0002DE9F84306460F469046994604254B46F8
:10C7E000424639463046F1F711FC10F10B0F044672
:10C7F00003D1FBF7A9FD013DF1D12046BDE8F88347
:10C800000020EFF7A7BC006840B150F8043C5B681B
:10C810008B42A0F1040001D04068F5E77047006842
:10C8200050B150F8043C5B685B689B788B42A0F188
:10C83000040001D04068F3E7704730B5006888B164
:10C8400050F8043C5B681A6A1D7F04380023043AE0
:10C85000DCB2A54201D84068F1E7013312F8334059
:10C860008C42F5D130BD08B5EFF74CFE28B14068D9
:10C8700010F1100F14BF0020012008BD4B1CDBB2CB
:10C880008170817680F82530C37600F8061C7047E9
:10C8900050E90231D0F89C0018470369002283F860
:10C8A0004A207047036993F84A0008B193F848009A
:10C8B00070470369002283F84B207047036993F89F
:10C8C00049007047036993F8482012B193F84A2051
:10C8D0002AB993F8490018B193F84B00704701202A
:10C8E0007047012070470369C3E90012704770B5B3
:10C8F00004690546D4F88C00FFF73BFFD4F88C3070
:10C900009A681969914204BF002284F8492094F87A
:10C91000A02006469AB15A685969DB69521A9B1AD7
:10C920003F2B0CD994F89E3033B16B681B6A2246BA
:10C93000187B0021F0F7B2F8002384F8A0303046CD
:10C9400070BD08B50122FFF7D2FF013818BF4FF0C4
:10C95000FF3008BD10B54FF0FF3104464FF0FF30F7
:10C96000F3F7D0FB2046F4F7D1FC0446F3F7D2FBF3
:10C97000204610BD10B54FF0FF3104464FF0FF3098
:10C98000F3F7C0FB2046F4F7E7FC0446F3F7C2FBDD
:10C99000204610BD10B54FF0FF314FF0FF30F3F7D8
:10C9A000B1FBF4F721FD0446F3F7B4FB204610BDBC
:10C9B00070B504460D4616464FF0FF314FF0FF307C
:10C9C000F3F7A0FB32462946204600F09AFC0446C5
:10C9D000F3F7A0FB204670BDF8B504460D46164699
:10C9E0001F464FF0FF314FF0FF30F3F78BFB3B4614
:10C9F000324629462046F4F705FD0446F3F78AFB44
:10CA00002046F8BD38B504460D464FF0FF304FF0D4
:10CA1000FF31F3F777FB29462046F4F71BFD044668
:10CA2000F3F778FB204638BD70B504460D46164630
:10CA30004FF0FF314FF0FF30F3F764FB32462946E9
:10CA40002046F4F717FD0446F3F764FB204670BD5B
:10CA500070B504460D4616464FF0FF314FF0FF30DB
:10CA6000F3F750FB324629462046F4F71DFD0446F5
:10CA7000F3F750FB204670BD38B504460D464FF025
:10CA8000FF304FF0FF31F3F73DFB2946204600F021
:10CA90004FFC0446F3F73EFB204638BD38B504464C
:10CAA0000D464FF0FF304FF0FF31F3F72BFB2946D7
:10CAB0002046F4F713FD0446F3F72CFB204638BD5F
:10CAC00038B504460D464FF0FF304FF0FF31F3F715
:10CAD00019FB29462046F4F713FD0446F3F71AFB29
:10CAE000204638BDF8B504460D4616461F464FF0A1
:10CAF000FF314FF0FF30F3F705FB3B463246294646
:10CB00002046F4F70DFD0446F3F704FB2046F8BD7C
:10CB1000FEE7012801D1EFF30583FAF793BD014643
:10CB20000068FFF7F6BF08B5F0F748F9BDE8084020
:10CB3000F0F748B900210120FFF7EBBF61B662B6FC
:10CB400080F31188BFF36F8F704772B6002383F3B1
:10CB50001188BFF36F8FBFF34F8F30BF62B6BFF343
:10CB60006F8F704772B6002383F31188BFF36F8F06
:10CB7000BFF34F8F20BF80F31188BFF36F8F62B672
:10CB80007047202809D9B0F1004F08D80138B0FA11
:10CB900080F0C0F11F0040007047082070473E2021
:10CBA0007047002070474FF0FF324FF0FF33FAF725
:10CBB000CBBEFAF741BFFAF73FBD10B50369C0E934
:10CBC00005330023C360837F044613B1407AF2F734
:10CBD000BFF80123237700236377E377A37710BDA2
:10CBE000FAF7B2BEFAF728BF0378027903F00F0113
:10CBF0001AB959B14FF0FF3070470829FAD8012A05
:10CC000004D183F0080040F3C000704743F3C00034
:10CC1000704738B50446F0F795FD054660B1037AD4
:10CC20006BB120460024F2F717F92846AC77FFF7DE
:10CC3000C4FF2C72204638BD6FF01500FBE76FF083
:10CC40007700F8E770B504460E461546F1F75AFA34
:10CC500030B906B925B12046BDE87040F1F79ABA5F
:10CC600070BDC343C3F3C01300F00F0000EB03100B
:10CC7000704708B5F1F710FB818208BD08B5F1F7E0
:10CC80000BFBEFF31183402282F31288BFF36F8F07
:10CC900002690A60027B2AB9807D83F31188BFF3A1
:10CCA0006F8F08BD0420F8E70369C9B20C2201FBAD
:10CCB0000233186C00F00700704770B5C9B2036901
:10CCC000EFF31185402484F31288BFF36F8F0C2695
:10CCD00006FB0134246C14F0C00408D0A24206D034
:10CCE00085F31188BFF36F8F4FF0FF3070BD06FBE7
:10CCF000013301221A6485F31188BFF36F8F4368F3
:10CD000003EBC1035B6898470020EFE78022FFF741
:10CD1000D4BFF8B5069F0469C9B2EFF31186402568
:10CD200085F31288BFF36F8F0C2505FB0144256C3A
:10CD300005F0070CBCF1010F0CD1276486F31188B4
:10CD4000BFF36F8FC4E90E23436853F8313098471F
:10CD50000020F8BD05F0C005AF4286F31188BFF38F
:10CD60006F8F0CBF6FF077004FF0FF30F1E713B516
:10CD700080240094FFF7CDFF02B010BD10B400690D
:10CD8000CBB21C2403FB0400002110BC1047002080
:10CD9000F3F738BA002000F05EBA1046FAF7BABED0
:10CDA000F7B50F4616464FF480650024A64203D817
:10CDB00016D0162003B0F0BD331BB3F5806F38BF1B
:10CDC0001D462A4601AB39190020FCF753FD20B956
:10CDD000019BAB4201D12C44E8E76FF01500E9E775
:10CDE0000020E7E7002208B511461046FCF712FDC7
:10CDF000002818BF6FF0150008BD43685B68D3F8C2
:10CE000010350B600020704743685B6802EA010040
:10CE100021EA0201C3F80805C3F80C150020704789
:10CE200043685B680020C3F80815704743685B6877
:10CE30000020C3F80C15704743685A68D2F80435CF
:10CE400021EA03000B40C2F80805C2F80C350020A7
:10CE5000704710B503695868F8B1884219D19C68C9
:10CE600008685860A14200D19860002008602AB18B
:10CE70005A680A609A68596002B99960002010E007
:10CE8000814206D10868206098688142EDD19C609B
:10CE9000EBE7044600680028F2D1002AE8D16FF0E1
:10CEA000150010BD13B54FF080520829136E526E55
:10CEB00028BF082112BA00921BBA0C460A466946DE
:10CEC000019300F0E4FF204602B010BD30B5436886
:10CED0001360057A446804EBC504A34202D36FF0E3
:10CEE000010030BD5C798C4201D00833F0E70020AE
:10CEF000F7E743681B68D3F88004C3F880047047E1
:10CF000010B544682368C3F84415C3F848250022C7
:10CF1000C3F82021D3F82011C3F85821D3F85821A1
:10CF20006268D20608D5426812680821C2F8001566
:10CF30004FF48002C3F8042301229A6010BD4368B5
:10CF400002691B68D3F8100150B192690020127871
:10CF50000A70C3F81001D3F8102101221A6070473B
:10CF60004FF0FF307047002A10B5044610DD4368CB
:10CF70001B68D3F8100150B122690020C3F81001DA
:10CF80009269D3F8100112780A700120186010BD60
:10CF90000020FCE7436801691A68EFF31183402021
:10CFA00080F31288BFF36F8FC968002088734FF435
:10CFB0008001C2F8041383F31188BFF36F8F7047A9
:10CFC0000369DB6801229A7370470369DB689A7B07
:10CFD00002F0FF0162B942681268D2F8580140B10C
:10CFE000D2F8040310F4800003D0196101207047C7
:10CFF0000020704743681B68D3F81001003818BF41
:10D000000120704743681B681022C3F8042370474F
:10D0100043681B681022C3F80823704743681B68E5
:10D020004FF40072C3F80423704743681B684FF441
:10D030000072C3F80823704738B543681D68D5F8F7
:10D0400004335B02044605D4D5F8040310F0100045
:10D0500006D138BDFFF7B9FF0028F5D00120F8E769
:10D060002046FFF7C7FF003818BF0120F1E7012075
:10D0700070470369D8680160DB685A6070470268CE
:10D080000346D2F8580140B95B689B0706D4D2F832
:10D090002001003818BF0120704701207047F8B503
:10D0A0000669F3689C89BFF35B8F9442A8BF14465E
:10D0B00005461033012253E8000F002803D143E84E
:10D0C0000027002FF7D1BFF35B8F0CBF134600235F
:10D0D0001ED1F3682246986800F0D9FEEFF311875D
:10D0E000402383F31288BFF36F8F6868FFF7C7FF91
:10D0F000F36838B91861044687F31188BFF36F8F5E
:10D100002046F8BD996822462846FFF7F9FEF3E766
:10D110001C46F5E710B442681368D3F80413C90538
:10D1200017D5D3F82011A1B1EFF31181402484F376
:10D130001288BFF36F8FD3F8204134B10024C3F8B5
:10D140002041D3F820410124DC6081F31188BFF332
:10D150006F8F5268D20619D5EFF31181402282F306
:10D160001288BFF36F8FD3F8582112B10022C3F891
:10D1700000250269D2680AB112691AB94FF4800217
:10D18000C3F8082381F31188BFF36F8F0269D46855
:10D190006CB1D3F8581161B100212161D468A47B2E
:10D1A0003CB14FF48000C3F80803D368997310BCF6
:10D1B0007047D3F8241121B10021C3F82411D3F80A
:10D1C0002431D2681368002BF1D0516810BC184785
:10D1D00000F150039B009BB203F1804303F58833B9
:10D1E00000221A601B687047684620F007018D46D0
:10D1F00001B5EAF7EBFEEFF7E5FDBDE80140854636
:10D20000704708B54FF0FF314FF0FF30F2F77AFF6B
:10D21000EDF733FCBDE80840F2F77CBF684620F02C
:10D2200007018D4601B5EAF78BFEBDE80140854652
:10D230007047684620F007018D4601B5EAF702F90C
:10D24000EFF7C0FDBDE801408546704708B5EDF732
:10D2500091FB002008BD012801D1EAF79FB9704772
:10D260007047EAF7E5B9FCF77FBA08B5EFF7BAFC03
:10D27000EFF78EFDBDE80840FCF776BA10B504461E
:10D280008378827A41780078FFF7A6FBA8B92379E2
:10D290006279E1882078FFF725FC70B9E178207881
:10D2A000FFF7FCFB48B9A378DB0706D4218921B13D
:10D2B0002078BDE81040FFF703BC10BD704708B5EB
:10D2C0000222102300210620F4F756F9F4F7BCFFE0
:10D2D00000F009F9BDE80840F3F79EB938B50D46EE
:10D2E0000446F4F77BFF2A462146BDE8384000F0AB
:10D2F000CEBD101841EBE2717047EDF74EBBF8F769
:10D30000FBB837B504460D46104674B169B162B139
:10D31000F7F70AFEC0F30723002B2B7020700CBF19
:10D320006FF00100002003B030BD6FF01500FAE788
:10D33000072813B504460BD869B10822684600F0E7
:10D34000A6FD2046694600F02EF8002002B010BD70
:10D3500044F22900FAE76FF01500F7E770B50E46C2
:10D360000446C9B20825E04360F0FF00F9F77AFBF4
:10D3700026FA05F3083580EA1424282DD9B26FEA7D
:10D380000404F0D1204670BD4FF0804301225A6062
:10D39000002070470B7803704B7843708B78837054
:10D3A000CB78C37070472DE9F0438C7891F803C0B7
:10D3B0000D794F7991F80680CE7991F801E084EAF1
:10D3C0000C0C24F013020CF03F098CEA050589F0DF
:10D3D0001A0982F0200242EA090225F028096F406A
:10D3E00089F0470942EA090227F0240987EA080878
:10D3F00089F0110942EA090208F0790988EA06066B
:10D4000089F0500986EA0E0E42EA090226F0080960
:10D410000B4681F803C00D714F7181F80680CE7103
:10D4200081F801E089F09309097842EA09022EF0B7
:10D4300041098EEA010189F0360942EA090221F028
:10D44000100989F08F0952EA0902197005D042F2D9
:10D450005B51BDE8F043F4F7DBBE05F0280528F08A
:10D46000790804F013042CF03F0C45EA08050EF08F
:10D47000410E44EA0C0407F0240701F0100145EACC
:10D480000E053C4306F008062943344319705C70CE
:10D4900041EA0421DDE7C37B0133C37300F11001CE
:10D4A0000F2311F8012D02B903B97047013BDBB21C
:10D4B000C25C0132C254F4E7C28883889B1A028995
:10D4C000013A03EA020080B270478288C38801896A
:10D4D0009A4201F1FF3080B204D00B449B1A1840ED
:10D4E000013880B27047F5F78FB901390138013A38
:10D4F000D2B2FF2A00D1704711F8013F00F8013F76
:10D50000F5E708B508B9F5F7C7FBBDE80840F5F73A
:10D5100005B938B50C46054600F10D010322204639
:10D52000FFF7E3FFE91CE01C0A22FFF7DEFF2946B4
:10D5300004F10D000322BDE83840FFF7D6BF38B52F
:10D5400005460C4692B900F10C0104222046FFF773
:10D55000CCFF291D201D0822FFF7C7FF294604F133
:10D560000C000422BDE83840FFF7BFBF012A03D1F9
:10D57000BDE83840FFF7CDBF38BD082A02D81A46AB
:10D58000F6F7B4B8272070470346E0B1D9B1884216
:10D590000BD9B0FBF1F201FB120398B2B0EB510FC3
:10D5A0000DD9081A80B204280AE0B1FBF0F200FBA2
:10D5B000121188B2B0EB530FF5D9181A80B20228B5
:10D5C00098BF002070474FF6FF70704701380A443B
:10D5D000914200D1704711F8013B00F8013FF7E795
:10D5E0000244904200D1704700F8011BF9E70301A3
:10D5F000DBB243EA10108210830002F0330203F022
:10D60000CC03134358105B0003F0AA0300F055004D
:10D6100018437047C0F3072343EA00235940C1F37E
:10D6200003134B4083EA0333580100F4FF50584082
:10D630007047004700F0ABB8C00000F1804000F533
:10D64000F830C0F81015C0F814257047F7B50190F0
:10D6500001A8DDE9084716461D46F9F757FB019B6F
:10D66000B6F1000C18BF4FF0010C00EB83000B1E4D
:10D6700018BF0123002D43EA4C0314BF4FF00C0CDC
:10D680004FF0000C002C43EA0C0314BF4FF4E06C85
:10D690004FF0000C002F43EA0C03D0F8002714BF12
:10D6A0004FF4403C4FF0000C43EA0C0322EA030322
:10D6B00001B109780EB13678760019430DB12D7895
:10D6C000AD0031430CB12478240229430FB13F78D7
:10D6D0003F040C433C43C0F8004703B0F0BD1FB506
:10D6E0000DF10F03019300238DF80F1000931A46DC
:10D6F0001946FFF7ABFF05B05DF804FB38B50546EA
:10D7000008460C46F9F754FBB0B10846F9F744FB5C
:10D7100090B90846F9F734FB2A6801238340C2F820
:10D7200008332A6803B202EB8303D3F8102522F0F2
:10D730000302C3F8102538BD20460021BDE838405B
:10D74000FFF7CDBFF9F7BABBFFF7D8BF00F18043B1
:10D750001A68002A1FBF00221A601B68012008BF38
:10D76000002070474FF080434FF46072C3F80423E9
:10D7700070474FF080434FF46072C3F8082370473E
:10D7800008B5F9F703FFBDE80840FFF76ABD08B127
:10D79000EFF7CEBF7047704740B1C368587810F0BC
:10D7A00001001EBF1878B0FA80F040097047EFF30F
:10D7B0001183402383F31288BFF36F8FFEE708B510
:10D7C000FFF7F5FF10B5D0E9003433B90020E26867
:10D7D000537843F00103537010BD2046984700284A
:10D7E000F4D00028B8BF4042E368FF28A8BFFF205C
:10D7F0001870ECE700F059BB00F049BB8268436940
:10D80000134313F003030CD1C3600169994201D89B
:10D8100000207047C16811604169C26001330A4449
:10D82000F3E76FF01500704710B5C0E9043200232C
:10D83000816083610446FFF7E1FF0028A8BFC4E9C7
:10D84000004410BDF8B504460D46EFF311864023A1
:10D8500083F31288BFF36F8FC7686FB900F0B0F918
:10D8600050B18767456100F05DF9314604F1080069
:10D87000BDE8F840FAF7E8BCE3682B60A369E5600F
:10D88000013BA36186F31188BFF36F8FF8BD08B524
:10D890004024EFF3118384F31288BFF36F8FFFF7F7
:10D8A00054F9F6E790F90E308B4201D0FAF788BCB4
:10D8B0000020704703460020C3E90200C3E900339B
:10D8C00070472DE9F843994604469DF820300D46EF
:10D8D000904600F10806EFF31187402282F3128888
:10D8E000BFF36F8F03B14568304600F069F958B156
:10D8F00000238367C0F8148000F014F930463946DD
:10D90000FAF7A2FC00200CE0B9F1000F1CD00821AE
:10D91000FAF7DEFF38B987F31188BFF36F8F6FF026
:10D920000B00BDE8F8830122C0F8048002600168A2
:10D9300001F0030165B922680A4302606268206051
:10D94000002ADBD16060D9E7C8F800904046EEE7D6
:10D950002A68032A0BD80160616811B9C4E9000084
:10D96000CCE70A6802F0030202430A60EAE722F009
:10D9700003020A4302602A6802F0030240EA02033B
:10D980002B60BBE710B5044630B10268930703D0A3
:10D99000446809B100F00BFA204610BD07B5012319
:10D9A000009300230A461946FFF78BFF03B05DF88A
:10D9B00004FB3AB18A4205D3C0E90212C0E9000073
:10D9C000002070476FF015007047026801238B40FC
:10D9D00022EA0303036022FA01F000F0010070471D
:10D9E00020B100221146883000F04EB9704773B55F
:10D9F0000446EFF31185402383F31288BFF36F8F42
:10DA00000023A0F11006032104380193FFF7DDFF86
:10DA100028B1A369019301A93046FAF767F985F3A4
:10DA20001188BFF36F8F02B070BD38B504460D4644
:10DA30001022002100F039FA656038BD13B501905D
:10DA40000846EFF31184402383F31288BFF36F8FEE
:10DA500001A9FAF74BF984F31188BFF36F8F02B075
:10DA600010BD10B5FFF7EAFF041E08DDEFF31180CB
:10DA7000402383F31288BFF36F8FFAF715FC20461B
:10DA800010BD38B5302204460D46002100F00DFAD5
:10DA90004FF480736560E36038BDEFF305800038B4
:10DAA00018BF012070476FF057007047FAF7DEBBD0
:10DAB000D0E9003213605A600023C0E90033704798
:10DAC00008B5FFF7F5FF437B23F002034373002300
:10DAD000836008BD38B504460D46FAF751FA637BFA
:10DAE00043F002036373E5B1A5602B689D4209D141
:10DAF0006B68C4E900531C606C6012E06A689A426B
:10DB0000F6D01B68002BF3D094F90E2093F90E1079
:10DB10008A42F3D09142F1DD5A68C4E900321460C0
:10DB20005C6038BD10B5EFF31184402383F3128895
:10DB3000BFF36F8FFAF73CFA84F31188BFF36F8F4E
:10DB400010BD10B50446183000F0C0F8EFF3118195
:10DB5000402383F31288BFF36F8F627B12F01002B1
:10DB600004D081F31188BFF36F8F10BD2046BDE84C
:10DB70001040FAF751BA38B50446EFF31185402347
:10DB800083F31288BFF36F8F437B13F0280F0BD101
:10DB900083680BB1FFF794FF637B51B903F0FB037C
:10DBA00063732046FAF704FA85F31188BFF36F8F89
:10DBB00038BD03F0EB03F3E701211838FFF7DBBFB3
:10DBC00038B5EFF31185402383F31288BFF36F8FCD
:10DBD0000468A0420DD034B12046FFF771FF04F174
:10DBE000180000F073F885F31188BFF36F8F20469B
:10DBF00038BD0024F7E710B50146EFF31184402348
:10DC000083F31288BFF36F8F83680BB1FFF758FF60
:10DC100084F31188BFF36F8FBDE8104001F1180045
:10DC200000F054B838B5054600202C68A54200D055
:10DC300004B938BD2046FFF7DEFF2046FFF772FF2C
:10DC40000120F2E7EFF31181402282F31288BFF343
:10DC50006F8F027BD2070CD581F31188BFF36F8FD2
:10DC6000002383F31188BFF36F8F0423184602DF6C
:10DC70007047437B1B0704D581F31188BFF36F8F77
:10DC800070470122FAF7C8B938B5EFF31185402380
:10DC900083F31288BFF36F8F0468A04212D09CB147
:10DCA000A16762612046FFF70BFF04F1180000F046
:10DCB0000DF82046FAF77CF9012085F31188BFF3AF
:10DCC0006F8F38BD0020F8E72046F6E710B5EFF378
:10DCD0001184402282F31288BFF36F8F03683BB137
:10DCE000FAF7B2FC002084F31188BFF36F8F10BDE8
:10DCF0006FF01500F7E708B5FAF7C4FD08BDB3F1FA
:10DD0000FF3F08BFB2F1FF3F70B504461D461646FF
:10DD100013D01A4315D06FF00102921B4FF0FF335E
:10DD200063EB0501002904DAFAF7ACFD821941EB37
:10DD30000501C4E90021204670BD4FF0FF321146B5
:10DD4000F7E70022FBE7B3F1FF3F08BFB2F1FF3F67
:10DD5000F8B5074616461C4610D054EA020311D007
:10DD6000FAF790FDB0420A46A14103460AD2F31ADF
:10DD700064EB0204C7E900343846F8BD4FF0FF33C6
:10DD80001C46F7E70023FBE70432D3B5044608D26C
:10DD900000260027CDE9006741F0040100F01AF8E1
:10DDA00010B9002002B0D0BD40F8044BFAE720B112
:10DDB000011F50F8040C00F04EB8704701460420D3
:10DDC000FAF778BD10B400F10C04C0E9034410BCAC
:10DDD000FEF7A9BA2DE9F04F89B0DDE912670546D3
:10DDE0003B46914606A832460591FFF788FFDDE9DC
:10DDF000063405F1140ACDE90234EFF311844FF033
:10DE0000400888F31288BFF36F8F05F10C0B05995A
:10DE10004A462846FEF71FFA30B184F31188BFF353
:10DE20006F8F09B0BDE8F08F3E43F6D0DDE90223E5
:10DE300006A8FFF788FFDDE906675A46CDE90067C7
:10DE400021465046FAF790F9EFF3118488F31288CF
:10DE5000BFF36F8FDBE738B50446EFF3118540233E
:10DE600083F31288BFF36F8FFEF7BDF904F10C0046
:10DE7000FFF7D8FE30B1294604F11400BDE8384060
:10DE8000FAF7E2B985F31188BFF36F8F38BD0A4402
:10DE9000914200F1FF3300D1704710B511F8014BEA
:10DEA00003F8014F9142F9D110BD02440346934259
:10DEB00000D1704703F8011BF9E70020704710B547
:10DEC000024601448A42134603D01C780132002CDA
:10DED000F8D1181A10BD2DE9F0478E681F46BE42D2
:10DEE0000B6882460C4690462DD8B1F90C2012F4EE
:10DEF000906F26D06569096905EB4505A3EB01091B
:10DF000005EBD5757B1C4B446D109D4238BF1D46FB
:10DF1000530527D52946FAF769FD064660B32169FE
:10DF20004A46FFF7B4FFA38923F4906343F08003CC
:10DF3000A381266165614E44A5EB09052660A560B5
:10DF40003E46BE4200D93E4620683246414600F079
:10DF500059F9A3689B1BA360236833442360002006
:10DF6000BDE8F0872A4600F067F906460028E0D1B0
:10DF700021695046FAF7F0FC0C23CAF80030A38957
:10DF800043F04003A3814FF0FF30E9E738B54B1C65
:10DF9000144603D14FF0FF35284638BD938923F04E
:10DFA000200393815368526BCDB28AB1A26B9A421F
:10DFB00008DD23685A1E226003F8015C63680133A0
:10DFC0006360E9E7214600F0E3F80028F1D0E1E7DB
:10DFD0002169226841B1914206D212F8011CA9427E
:10DFE00002D1013A2260EAE7C4E90F2304F14403B5
:10DFF00063630323A363234603F8465F236001237F
:10E00000DEE710B50C46496B69B104F1440399424F
:10E0100001D0FAF7A1FC236C63600020606313B1A8
:10E02000E36B236010BD2369236000236360A38931
:10E0300043F02003A3814FF0FF30F3E72DE9F047D1
:10E04000164698468A680B69DDF820909342B8BF5F
:10E050001346336091F8432007460C460AB101335A
:10E0600033602368990642BF336802333360256802
:10E0700015F0060506D104F1190AE36832689B1A07
:10E08000AB4226DC94F843302268003B18BF0123E2
:10E0900092062BD404F1430241463846C84701306A
:10E0A0001ED02368226903F00603042B02BFE56833
:10E0B0003368ED1AA3680CBF25EAE5750025934285
:10E0C000C4BF9B1AED1800261A34B5421AD100209D
:10E0D00008E00123524641463846C847013003D183
:10E0E0004FF0FF30BDE8F0870135C6E7E1185A1C54
:10E0F000302081F84300224494F8451082F8431000
:10E100000233C7E70123224641463846C84701305B
:10E11000E6D00136D9E770B50B7804465E2B0BBF0D
:10E120004B784A1C8A1C002108BF0121013804F1E8
:10E13000FF0500F8011FA842FBD10BB9501E70BDAE
:10E1400081F00101E1541046024612F8015B2D2DC9
:10E1500005D05D2D16D0002DF1D02B46F2E7467884
:10E160005D2EFAD0B342F8DC02301A4601329642F4
:10E17000A154FBDCF21A013A5D1CB342A8BF002295
:10E18000AB18E1E71046DAE7FBF7FEB9FBF77ABA1E
:10E190002DE9F0410C46496B04F1440399421DD12D
:10E1A0004FF48061FAF722FC18B94FF0FF30BDE858
:10E1B000F0814FF48063A36394F84630606380F885
:10E1C000FF3394F8453080F8FE3394F8443080F8FB
:10E1D000FD3300F2FD3020600020E8E7A66B7700F9
:10E1E0003A4600F029F805460028DED000EB060884
:10E1F000014632464046FFF74AFEC4E90D57C4F8CF
:10E200000080E9E7884210B501EB020402D984429C
:10E21000234607D8431EA14208D011F8012B03F86A
:10E22000012FF8E7024401468A4200D110BD13F8DD
:10E23000014D02F8014DF7E7F8B5074615460C46C3
:10E2400021B9BDE8F8401146FAF7D0BB22B9FAF778
:10E2500083FB00242046F8BD00F013F8A842F9D251
:10E2600029463846FAF7C2FB06460028F1D0214677
:10E270002A46FFF70CFE21463846FAF76DFB344676
:10E28000E8E751F8043C181F002BBCBF0B58C0181E
:04E2900070470000D3
:08E2940030C4FE7F0100000010
:10E29C00EDD6020000000000F1EF020054E3030091
:10E2AC00C978030000000000018903000000000091
:10E2BC000DF602007CE303000DF6020068E3030098
:10E2CC004D010300000000004DD2030000000000CF
:10E2DC0067D2030000000000E5CD0300B8E30300A3
:10E2EC002DF40200A4E30300F1F90200CCE30300D7
:10E2FC0009CA020090E3030041FF02000000000085
:10E30C00350203000000000095CB02000000000065
:10E31C00A3CB030000000000AD01030000000000CF
:10E32C006BD203000000000061020300000000003B
:10E33C002589030000000000D1D702000000000076
:08E34C0001C8030000000000FD
:10E354007AEB030054E7030064E70300F5020020AE
:10E36400D0260020A9EB030090E70300C0E70300D8
:10E37400FB02002068270020B7EB0300A8E7030096
:10E38400C0E70300FD0200207427002084EA030094
:10E3940084040020A8E60300F302002020000020EB
:10E3A40089EB03000000000080E70300F70200206F
:10E3B4002427002099EB03000000000088E70300F5
:10E3C400F902002000000000CDEB0300E4E70300A5
:0CE3D40010E80300FF02002050010020B0
:10E3E00081D7030033D603000000000035CB0300C3
:10E3F000CCE3030015D103000000000035CB03007F
:10E400000000000035CB03000000000035CB030006
:10E410003173030033D603000000000035CB030046
:10E420000000000035CB03000000000035CB0300E6
:10E430000000000035CB03000000000035CB0300D6
:10E440000000000035CB03002427002099F40200CF
:10E450000000000035CB03000000000035CB0300B6
:10E460000000000035CB030000000000D1FF0200D7
:10E470000000000035CB03000000000035CB030096
:10E480000000000035CB0300000000005102030033
:10E490000000000035CB03000000000035CB030076
:10E4A0000000000035CB0300000000009D010300C8
:10E4B0000000000035CB03000000000035CB030056
:10E4C0000000000035CB03000000000035CB030046
:10E4D0000000000035CB03000000000035CB030036
:10E4E0000000000035CB03000000000035CB030026
:10E4F0000000000035CB03000000000035CB030016
:10E500000000000035CB03000000000035CB030005
:10E510000000000035CB0300B1E6020033D6030053
:10E520000000000035CB03000000000035CB0300E5
:10E530000000000035CB03000000000035CB0300D5
:10E540000000000035CB03000000000035CB0300C5
:10E550000000000035CB03000000000035CB0300B5
:10E560000338FDD87047424F4B30312E30332E30B8
:10E57000300000000000000000000000000000006B
:10E580000338FDD87047FFE11D9AED853324EA7A00
:10E59000D2397097570A547D2DD86D0DBA8F6759AF
:10E5A000C7A2BF34ECF4FC00040870102502402020
:10E5B000F8FC7C7E3E3F9F1FCF0FE7070000000066
:10E5C000FFFF00800040002000100000000000005D
:10E5D00001002000A02700208000000055EC03006F
:10E5E0000001000093ED030086EB030096ED0300AD
:10E5F000D8ECF0F4F8FC000203040506070800005C
:10E60000000000000000000000000000000000000A
:10E6100000000101010102020202030303030404DA
:10E6200004040505050506060608090000000000AB
:10E6300000000000000000000000000000000001D9
:10E64000010101020202020303030304040404059E
:10E6500005050506060708090A0B0C0D070909023E
:10E66000030700100200FA000000000023AB0200C4
:10E670002FAB020033AB02003BAB02003FAB02000A
:10E6800000100039051139300020000000C20100DF
:10E690000000080000000000000000000000000072
:10E6A0000338FDD87047000043C9030051CA020077
:10E6B0000000000031C90200EFC80300BDC802001D
:10E6C0009BC80300A5C803009DC80200B3C803008F
:10E6D00000000000BDC803000000000000000000B2
:10E6E000C5C80300E3C80300E7C80300000000003A
:10E6F00011CB030048010020400100203801002018
:10E700000000000030010020FDCC0200F1CB02002F
:10E7100045CC0200A5CC0200000000200000000053
:10E7200000000B06020000002CE7030000000000C0
:10E7300050EB0300260002070000002058EB030006
:10E7400022000B1149D9020079EF020049EF0200C3
:10E7500000000000C9F00200BDEF02008FCD0300F1
:10E7600095CD030049F002000DCD03006FCD0300ED
:10E7700000000000A9CC0300000000000000000021
:10E78000D5F302002DF30200A1CD0300000000002C
:10E79000FFFF000000030050000000000100000027
:10E7A0000060004000000000FFFFFFFF000000507D
:10E7B00000000000000000000060004000000000B9
:10E7C000A1F60200FBCD030009CE030021CE030019
:10E7D0002DCE030039CE03000DF5020053CE030009
:10E7E00000000000002000400200000000000000C7
:10E7F000F4E703000020004000E8030001000000EF
:10E8000008E80300020000002B0000002C060200B4
:10E810003FCF030049FC0200F3CE03009FD003006A
:10E8200067CF030095CF0300C1CF0300CBCF030018
:10E8300005D0030011D00300CBCF0300F5CF0300B8
:10E840001DD003002BD0030039D003006FD003008C
:10E8500073D003009CE203009CE2030004E3030086
:10E8600014E3030054E3030054E30300000000003A
:10E870000000000000000000000000000000000098
:10E880000000000000000000000000000000000088
:10E890000000000000000000000000000000000078
:10E8A0000000000000000000000000000000000068
:10E8B0000000000000000000000000000000000058
:10E8C000000000000000000000000000FF8FFFFFBC
:10E8D000FF8FFFFFFE8FFFFFFE8FFFFFFD8FFFFF0C
:10E8E000FC8FFFFFFC8FFFFF6D757465785F6672AC
:10E8F00065652063616C6C65642077697468204E7F
:10E90000554C4C20706172616D6574657200000039
:10E9100043616E277420696E697469616C697A65F8
:10E92000206D757465782C20776173204E554C4CA2
:10E930000D0A00004661696C20746F206163717577
:10E94000697265206D757465780A00004661696CAE
:10E9500020746F20696E63726561736520504D206D
:10E96000636F756E7465720A000000004661696C21
:10E9700020746F20646563726561736520504D205B
:10E98000636F756E7465720A000000004661696C01
:10E9900020746F2072656C65617365206D75746598
:10E9A000780A0000436F756C64206E6F74206C6F82
:10E9B000636B20706F7765722073617665206D756B
:10E9C000746578004661696C20746F20756E6C6F99
:10E9D000636B206D757465780A000000637478209D
:10E9E00063616E6E6F74206265204E554C4C000062
:10E9F0000A637478206973204E554C4C0A0000005D
:10EA000067E6096A85AE67BB72F36E3C3AF54FA5BF
:10EA10007F520E518C68059BABD9831F19CDE05BEB
:10EA2000D89E05C107D57C3617DD703039590EF7F1
:10EA3000310BC0FF11155868A78FF964A44FFABEB7
:10EA40000123456789ABCDEFFEDCBA9876543210CE
:10EA5000F0E1D2C34D2C25752C25752C25752C2560
:10EA60006C752C25750054342C25750A00286E69A8
:10EA70006C2900303132333435363738394142432E
:10EA8000444546006364632D61636D2D7561727446
:10EA900000757362776F726B71002A2A2A20426FA9
:10EAA0006F74696E67206E524620436F6E6E6563A9
:10EAB000742053444B2076322E372E302D3563622E
:10EAC000383535373063613433202A2A2A0A002A40
:10EAD0002A2A205573696E67205A657068797220FA
:10EAE0004F532076332E362E39392D313030626532
:10EAF00066633730633734202A2A2A0A006D75741A
:10EB000065785F696E69742063616C6C65642077F9
:10EB1000697468204E554C4C20706172616D65744B
:10EB2000657200436F756C64206E6F7420616C6C4D
:10EB30006F63617465206D75746578206265666FBA
:10EB4000726520696E697469616C697A696E6700C3
:10EB5000464C4153485F30005352414D5F300000F6
:10EB60000001000000757362645F776F726B710063
:10EB700001000203000101010101636C6F636B403E
:10EB800034303030303030300072616E646F6D4040
:10EB900034303030643030300063727970746F40DC
:10EBA0003530303261303030006770696F40353059
:10EBB000303030333030006770696F40353030307E
:10EBC0003030303000000102030405060775617221
:10EBD00074403430303032303030004D50534C209F
:10EBE0004153534552543A2025732C2025640A0082
:10EBF0004D50534C20576F726B00333833312D35E5
:10EC00003231642D376466392D323464382D6566AF
:10EC100066332D343637622D323235662D61303011
:10EC20006500414E5420576F726B001500000000C4
:10EC30000001010000000000002030303030303092
:10EC40003030303030303030000100000100000042
:10EC50006D61696E00737973776F726B710000205C
:10EC6000202020202020202028282828282020207C
:10EC7000202020202020202020202020202020882C
:10EC80001010101010101010101010101010100490
:10EC900004040404040404040410101010101010E0
:10ECA00041414141414101010101010101010101D4
:10ECB00001010101010101010101101010101010EA
:10ECC00042424242424202020202020202020202A4
:10ECD00002020202020202020202101010102000C0
:10ECE0000000000000000000000000000000000024
:10ECF0000000000000000000000000000000000014
:10ED00000000000000000000000000000000000003
:10ED100000000000000000000000000000000000F3
:10ED200000000000000000000000000000000000E3
:10ED300000000000000000000000000000000000D3
:10ED400000000000000000000000000000000000C3
:10ED50000000000000000000000000000000002390
:10ED60002D302B2000686C4C0065666745464700D7
:10ED70003031323334353637383961626364656631
:10ED800000412D46612D6638393031323334353605
:10ED9000375D002B2D00785800647261676F6F6ECD
:10EDA0002F6C6962732F7363686564756C696E6735
:10EDB0002F7372632F72656D5F68616C5F65766536
:10EDC0006E745F74696D65722E6300B0EA56C88D0B
:10EDD00083335088D0EB895665696D3CB0CEB9005D
:10EDE000C0DEF00DBAADF00DD00FDAABD00FED0CE8
:10EDF000DEC0DE0000DEC0DEFFDEC0DEDEC0DEFF25
:10EE00000000000000000000000000000000000002
:10EE100000000000000000000000000000000000F2
:10EE200000000000000000000000000000000000E2
:10EE300000000000000000000000000000000000D2
:10EE400000000000000000000000000000000000C2
:10EE500000000000000000000000000000000000B2
:10EE600000000000000000000000000000000000A2
:10EE70000000000000000000000000000000000092
:10EE8000000000000000000000000000F80000206A
:10EE9000D800002000C201000000080000000000AF
:10EEA0000000000000000000000000000000000062
:10EEB000FFFFFFFFA1C30300006E00200000000061
:10EEC0000000000000000000000000000000000042
:10EED000000000000004000000720020000000009C
:10EEE0000000000000000000000000000000000022
:10EEF000000000000004000085C80200800000003F
:10EF000031C602000000000031C60200800000008F
:10EF1000700300203A000000840300203A00000043
:10EF2000480300203A000000980300203A00000047
:10EF30000000000000C20100000103007001002079
:10EF400000000000E6330020E53300200000000050
:10EF50000000000000000000E73300202000000057
:10EF600000000000000000000000000000000000A1
:10EF70000000000000000000000000000000000091
:10EF80000000000000000000000000000000000081
:10EF90000000000000000000000000000000000071
:10EFA0000000000000000000000000000000000061
:10EFB0000000000000000000000000000000000051
:10EFC0000000000000000000000000000000000041
:10EFD0000000000008000000FF000000000000002A
:10EFE0000300000000000000FFFF07000C020020EB
:10EFF0000C0200201802002000000000ACE8030012
:10F000008CE803006CE80300000000000000000032
:10F0100000000000000000000000000000000000F0
:10F0200000000000000000000000000000000000E0
:10F0300000000000000000000000000000000000D0
:10F0400000000000000000000000000000000000C0
:10F05000000000000000000000000000AD97030069
:10F06000BC020020B4020020AC020020000000001E
:10F07000A40200206D990300B9980300ED980300E5
:10F0800035990300642A00203A00003A682A0020DB
:10F090003A00003A6C2A00203A00003A702A002018
:10F0A0003A00003AB82F0020D00200209002002041
:10F0B000880200208402002080020020E5A60300D0
:10F0C000D9A60300CDA60300FFFFFFB9A521FBBD14
:03F0D00072C345C3
:0EF0D30000000000000000000000000000002F
:03F0E100FFFFFF2F
:10F0E4000403002004030020806B002000000000C3
:0CF0F400200000001400000000000000DC
:10F1000000000000806300200008000000000000F4
:04F1100000000000FB
:10F11400340300203403002000000000000000003D
:10F124000E000000480300204803002000000000F7
:10F13400000000000E0000005C0300205C030020BF
:10F1440000000000000000000E000000700300201A
:10F154007003002000000000000000000E0000000A
:10F16400840300208403002000000000000000004D
:10F174000E00000098030020980300200000000007
:10F18400000000000E000000AC030020AC030020CF
:0CF1940000000000000000000E00000061
:10F1A000C0030020C0030020010000000100000097
:10F1B0000000000000000000D8030020D803002059
:10F1C00012010002EF020140E32F000106030102D9
:10F1D000030109020000000100E032080B000202F6
:10F1E00002000009040000010202000005240010D2
:10F1F000010524010201042402020524060001077E
:10F2000005800310000A09040100020A000000073B
:10F2100005800240000007050002400000040309C9
:10F22000040E035A455048595200000000000010D7
:10F23000035553422D4445560000000000000022B3
:10F24000033031323334353637383941424344455F
:10F250004600000000000000000000000000000068
:03F26000000000AB
:01F26300FFAB
:10F2640000000000030400207DC8030011CB02004D
:10F2740021C802000000000000000000030000009C
:04F28400180100204D
:04F2880015E015E098
:040000032000D09970
:00000001FF
